﻿Name,RAJASHEKARA RAJASHEKARA
Address,"13304 IRON HORSE WAY, HELOTES TX 78023-3966"
Account Number,003003916846-0000470891
Service,Service 1

TYPE,DATE,START TIME,END TIME,USAGE,UNITS,NOTES
Electric usage,2022-02-04,00:00,00:14,0.33,kWh,
Electric usage,2022-02-04,00:15,00:29,0.33,kWh,
Electric usage,2022-02-04,00:30,00:44,0.35,kWh,
Electric usage,2022-02-04,00:45,00:59,0.34,kWh,
Electric usage,2022-02-04,01:00,01:14,0.35,kWh,
Electric usage,2022-02-04,01:15,01:29,0.36,kWh,
Electric usage,2022-02-04,01:30,01:44,0.38,kWh,
Electric usage,2022-02-04,01:45,01:59,0.36,kWh,
Electric usage,2022-02-04,02:00,02:14,0.26,kWh,
Electric usage,2022-02-04,02:15,02:29,0.28,kWh,
Electric usage,2022-02-04,02:30,02:44,0.29,kWh,
Electric usage,2022-02-04,02:45,02:59,0.27,kWh,
Electric usage,2022-02-04,03:00,03:14,0.28,kWh,
Electric usage,2022-02-04,03:15,03:29,0.35,kWh,
Electric usage,2022-02-04,03:30,03:44,0.33,kWh,
Electric usage,2022-02-04,03:45,03:59,0.32,kWh,
Electric usage,2022-02-04,04:00,04:14,0.33,kWh,
Electric usage,2022-02-04,04:15,04:29,0.33,kWh,
Electric usage,2022-02-04,04:30,04:44,0.66,kWh,
Electric usage,2022-02-04,04:45,04:59,0.75,kWh,
Electric usage,2022-02-04,05:00,05:14,0.76,kWh,
Electric usage,2022-02-04,05:15,05:29,0.76,kWh,
Electric usage,2022-02-04,05:30,05:44,1.10,kWh,
Electric usage,2022-02-04,05:45,05:59,1.19,kWh,
Electric usage,2022-02-04,06:00,06:14,1.21,kWh,
Electric usage,2022-02-04,06:15,06:29,1.18,kWh,
Electric usage,2022-02-04,06:30,06:44,0.51,kWh,
Electric usage,2022-02-04,06:45,06:59,0.30,kWh,
Electric usage,2022-02-04,07:00,07:14,0.24,kWh,
Electric usage,2022-02-04,07:15,07:29,0.27,kWh,
Electric usage,2022-02-04,07:30,07:44,0.28,kWh,
Electric usage,2022-02-04,07:45,07:59,0.37,kWh,
Electric usage,2022-02-04,08:00,08:14,0.30,kWh,
Electric usage,2022-02-04,08:15,08:29,0.29,kWh,
Electric usage,2022-02-04,08:30,08:44,0.26,kWh,
Electric usage,2022-02-04,08:45,08:59,0.30,kWh,
Electric usage,2022-02-04,09:00,09:14,0.42,kWh,
Electric usage,2022-02-04,09:15,09:29,0.34,kWh,
Electric usage,2022-02-04,09:30,09:44,0.32,kWh,
Electric usage,2022-02-04,09:45,09:59,0.33,kWh,
Electric usage,2022-02-04,10:00,10:14,0.33,kWh,
Electric usage,2022-02-04,10:15,10:29,0.33,kWh,
Electric usage,2022-02-04,10:30,10:44,0.36,kWh,
Electric usage,2022-02-04,10:45,10:59,0.49,kWh,
Electric usage,2022-02-04,11:00,11:14,0.35,kWh,
Electric usage,2022-02-04,11:15,11:29,0.34,kWh,
Electric usage,2022-02-04,11:30,11:44,0.57,kWh,
Electric usage,2022-02-04,11:45,11:59,0.39,kWh,
Electric usage,2022-02-04,12:00,12:14,0.34,kWh,
Electric usage,2022-02-04,12:15,12:29,0.38,kWh,
Electric usage,2022-02-04,12:30,12:44,0.36,kWh,
Electric usage,2022-02-04,12:45,12:59,0.33,kWh,
Electric usage,2022-02-04,13:00,13:14,0.33,kWh,
Electric usage,2022-02-04,13:15,13:29,0.35,kWh,
Electric usage,2022-02-04,13:30,13:44,0.32,kWh,
Electric usage,2022-02-04,13:45,13:59,0.34,kWh,
Electric usage,2022-02-04,14:00,14:14,0.36,kWh,
Electric usage,2022-02-04,14:15,14:29,0.33,kWh,
Electric usage,2022-02-04,14:30,14:44,0.34,kWh,
Electric usage,2022-02-04,14:45,14:59,0.37,kWh,
Electric usage,2022-02-04,15:00,15:14,0.36,kWh,
Electric usage,2022-02-04,15:15,15:29,0.32,kWh,
Electric usage,2022-02-04,15:30,15:44,0.34,kWh,
Electric usage,2022-02-04,15:45,15:59,0.33,kWh,
Electric usage,2022-02-04,16:00,16:14,0.32,kWh,
Electric usage,2022-02-04,16:15,16:29,0.30,kWh,
Electric usage,2022-02-04,16:30,16:44,0.25,kWh,
Electric usage,2022-02-04,16:45,16:59,0.24,kWh,
Electric usage,2022-02-04,17:00,17:14,0.29,kWh,
Electric usage,2022-02-04,17:15,17:29,0.29,kWh,
Electric usage,2022-02-04,17:30,17:44,0.40,kWh,
Electric usage,2022-02-04,17:45,17:59,1.16,kWh,
Electric usage,2022-02-04,18:00,18:14,1.19,kWh,
Electric usage,2022-02-04,18:15,18:29,0.54,kWh,
Electric usage,2022-02-04,18:30,18:44,0.36,kWh,
Electric usage,2022-02-04,18:45,18:59,0.37,kWh,
Electric usage,2022-02-04,19:00,19:14,0.39,kWh,
Electric usage,2022-02-04,19:15,19:29,0.44,kWh,
Electric usage,2022-02-04,19:30,19:44,0.72,kWh,
Electric usage,2022-02-04,19:45,19:59,0.82,kWh,
Electric usage,2022-02-04,20:00,20:14,0.84,kWh,
Electric usage,2022-02-04,20:15,20:29,1.11,kWh,
Electric usage,2022-02-04,20:30,20:44,1.61,kWh,
Electric usage,2022-02-04,20:45,20:59,1.25,kWh,
Electric usage,2022-02-04,21:00,21:14,0.80,kWh,
Electric usage,2022-02-04,21:15,21:29,0.39,kWh,
Electric usage,2022-02-04,21:30,21:44,0.41,kWh,
Electric usage,2022-02-04,21:45,21:59,0.44,kWh,
Electric usage,2022-02-04,22:00,22:14,0.43,kWh,
Electric usage,2022-02-04,22:15,22:29,0.43,kWh,
Electric usage,2022-02-04,22:30,22:44,0.39,kWh,
Electric usage,2022-02-04,22:45,22:59,0.30,kWh,
Electric usage,2022-02-04,23:00,23:14,0.24,kWh,
Electric usage,2022-02-04,23:15,23:29,0.29,kWh,
Electric usage,2022-02-04,23:30,23:44,0.26,kWh,
Electric usage,2022-02-04,23:45,23:59,0.23,kWh,
Electric usage,2022-02-05,00:00,00:14,0.23,kWh,
Electric usage,2022-02-05,00:15,00:29,0.22,kWh,
Electric usage,2022-02-05,00:30,00:44,0.23,kWh,
Electric usage,2022-02-05,00:45,00:59,0.25,kWh,
Electric usage,2022-02-05,01:00,01:14,0.25,kWh,
Electric usage,2022-02-05,01:15,01:29,0.22,kWh,
Electric usage,2022-02-05,01:30,01:44,0.24,kWh,
Electric usage,2022-02-05,01:45,01:59,0.26,kWh,
Electric usage,2022-02-05,02:00,02:14,0.29,kWh,
Electric usage,2022-02-05,02:15,02:29,0.25,kWh,
Electric usage,2022-02-05,02:30,02:44,0.26,kWh,
Electric usage,2022-02-05,02:45,02:59,0.27,kWh,
Electric usage,2022-02-05,03:00,03:14,0.31,kWh,
Electric usage,2022-02-05,03:15,03:29,0.27,kWh,
Electric usage,2022-02-05,03:30,03:44,0.27,kWh,
Electric usage,2022-02-05,03:45,03:59,0.25,kWh,
Electric usage,2022-02-05,04:00,04:14,0.29,kWh,
Electric usage,2022-02-05,04:15,04:29,0.25,kWh,
Electric usage,2022-02-05,04:30,04:44,0.61,kWh,
Electric usage,2022-02-05,04:45,04:59,0.70,kWh,
Electric usage,2022-02-05,05:00,05:14,0.73,kWh,
Electric usage,2022-02-05,05:15,05:29,0.69,kWh,
Electric usage,2022-02-05,05:30,05:44,1.05,kWh,
Electric usage,2022-02-05,05:45,05:59,1.13,kWh,
Electric usage,2022-02-05,06:00,06:14,1.18,kWh,
Electric usage,2022-02-05,06:15,06:29,1.18,kWh,
Electric usage,2022-02-05,06:30,06:44,0.51,kWh,
Electric usage,2022-02-05,06:45,06:59,0.35,kWh,
Electric usage,2022-02-05,07:00,07:14,0.35,kWh,
Electric usage,2022-02-05,07:15,07:29,0.35,kWh,
Electric usage,2022-02-05,07:30,07:44,0.35,kWh,
Electric usage,2022-02-05,07:45,07:59,0.38,kWh,
Electric usage,2022-02-05,08:00,08:14,0.44,kWh,
Electric usage,2022-02-05,08:15,08:29,0.33,kWh,
Electric usage,2022-02-05,08:30,08:44,0.34,kWh,
Electric usage,2022-02-05,08:45,08:59,0.31,kWh,
Electric usage,2022-02-05,09:00,09:14,0.34,kWh,
Electric usage,2022-02-05,09:15,09:29,0.35,kWh,
Electric usage,2022-02-05,09:30,09:44,0.32,kWh,
Electric usage,2022-02-05,09:45,09:59,0.35,kWh,
Electric usage,2022-02-05,10:00,10:14,0.35,kWh,
Electric usage,2022-02-05,10:15,10:29,0.36,kWh,
Electric usage,2022-02-05,10:30,10:44,0.34,kWh,
Electric usage,2022-02-05,10:45,10:59,0.33,kWh,
Electric usage,2022-02-05,11:00,11:14,0.33,kWh,
Electric usage,2022-02-05,11:15,11:29,0.40,kWh,
Electric usage,2022-02-05,11:30,11:44,0.36,kWh,
Electric usage,2022-02-05,11:45,11:59,0.32,kWh,
Electric usage,2022-02-05,12:00,12:14,0.42,kWh,
Electric usage,2022-02-05,12:15,12:29,0.37,kWh,
Electric usage,2022-02-05,12:30,12:44,0.32,kWh,
Electric usage,2022-02-05,12:45,12:59,0.34,kWh,
Electric usage,2022-02-05,13:00,13:14,0.33,kWh,
Electric usage,2022-02-05,13:15,13:29,0.30,kWh,
Electric usage,2022-02-05,13:30,13:44,0.31,kWh,
Electric usage,2022-02-05,13:45,13:59,0.31,kWh,
Electric usage,2022-02-05,14:00,14:14,0.33,kWh,
Electric usage,2022-02-05,14:15,14:29,0.32,kWh,
Electric usage,2022-02-05,14:30,14:44,0.37,kWh,
Electric usage,2022-02-05,14:45,14:59,0.38,kWh,
Electric usage,2022-02-05,15:00,15:14,0.38,kWh,
Electric usage,2022-02-05,15:15,15:29,0.33,kWh,
Electric usage,2022-02-05,15:30,15:44,0.33,kWh,
Electric usage,2022-02-05,15:45,15:59,0.33,kWh,
Electric usage,2022-02-05,16:00,16:14,0.34,kWh,
Electric usage,2022-02-05,16:15,16:29,0.29,kWh,
Electric usage,2022-02-05,16:30,16:44,0.29,kWh,
Electric usage,2022-02-05,16:45,16:59,0.31,kWh,
Electric usage,2022-02-05,17:00,17:14,0.52,kWh,
Electric usage,2022-02-05,17:15,17:29,0.43,kWh,
Electric usage,2022-02-05,17:30,17:44,0.45,kWh,
Electric usage,2022-02-05,17:45,17:59,1.33,kWh,
Electric usage,2022-02-05,18:00,18:14,1.18,kWh,
Electric usage,2022-02-05,18:15,18:29,0.68,kWh,
Electric usage,2022-02-05,18:30,18:44,0.48,kWh,
Electric usage,2022-02-05,18:45,18:59,0.43,kWh,
Electric usage,2022-02-05,19:00,19:14,0.62,kWh,
Electric usage,2022-02-05,19:15,19:29,0.60,kWh,
Electric usage,2022-02-05,19:30,19:44,0.88,kWh,
Electric usage,2022-02-05,19:45,19:59,0.88,kWh,
Electric usage,2022-02-05,20:00,20:14,1.04,kWh,
Electric usage,2022-02-05,20:15,20:29,1.03,kWh,
Electric usage,2022-02-05,20:30,20:44,1.03,kWh,
Electric usage,2022-02-05,20:45,20:59,0.91,kWh,
Electric usage,2022-02-05,21:00,21:14,0.42,kWh,
Electric usage,2022-02-05,21:15,21:29,0.33,kWh,
Electric usage,2022-02-05,21:30,21:44,0.34,kWh,
Electric usage,2022-02-05,21:45,21:59,0.34,kWh,
Electric usage,2022-02-05,22:00,22:14,0.33,kWh,
Electric usage,2022-02-05,22:15,22:29,0.41,kWh,
Electric usage,2022-02-05,22:30,22:44,0.46,kWh,
Electric usage,2022-02-05,22:45,22:59,0.49,kWh,
Electric usage,2022-02-05,23:00,23:14,0.41,kWh,
Electric usage,2022-02-05,23:15,23:29,0.33,kWh,
Electric usage,2022-02-05,23:30,23:44,0.32,kWh,
Electric usage,2022-02-05,23:45,23:59,0.34,kWh,
Electric usage,2022-02-06,00:00,00:14,0.34,kWh,
Electric usage,2022-02-06,00:15,00:29,0.34,kWh,
Electric usage,2022-02-06,00:30,00:44,0.33,kWh,
Electric usage,2022-02-06,00:45,00:59,0.33,kWh,
Electric usage,2022-02-06,01:00,01:14,0.36,kWh,
Electric usage,2022-02-06,01:15,01:29,0.34,kWh,
Electric usage,2022-02-06,01:30,01:44,0.33,kWh,
Electric usage,2022-02-06,01:45,01:59,0.33,kWh,
Electric usage,2022-02-06,02:00,02:14,0.34,kWh,
Electric usage,2022-02-06,02:15,02:29,0.32,kWh,
Electric usage,2022-02-06,02:30,02:44,0.33,kWh,
Electric usage,2022-02-06,02:45,02:59,0.35,kWh,
Electric usage,2022-02-06,03:00,03:14,0.35,kWh,
Electric usage,2022-02-06,03:15,03:29,0.34,kWh,
Electric usage,2022-02-06,03:30,03:44,0.38,kWh,
Electric usage,2022-02-06,03:45,03:59,0.37,kWh,
Electric usage,2022-02-06,04:00,04:14,0.34,kWh,
Electric usage,2022-02-06,04:15,04:29,0.34,kWh,
Electric usage,2022-02-06,04:30,04:44,0.70,kWh,
Electric usage,2022-02-06,04:45,04:59,0.79,kWh,
Electric usage,2022-02-06,05:00,05:14,0.77,kWh,
Electric usage,2022-02-06,05:15,05:29,0.78,kWh,
Electric usage,2022-02-06,05:30,05:44,1.12,kWh,
Electric usage,2022-02-06,05:45,05:59,1.18,kWh,
Electric usage,2022-02-06,06:00,06:14,1.21,kWh,
Electric usage,2022-02-06,06:15,06:29,1.17,kWh,
Electric usage,2022-02-06,06:30,06:44,0.50,kWh,
Electric usage,2022-02-06,06:45,06:59,0.31,kWh,
Electric usage,2022-02-06,07:00,07:14,0.30,kWh,
Electric usage,2022-02-06,07:15,07:29,0.33,kWh,
Electric usage,2022-02-06,07:30,07:44,0.34,kWh,
Electric usage,2022-02-06,07:45,07:59,0.27,kWh,
Electric usage,2022-02-06,08:00,08:14,0.26,kWh,
Electric usage,2022-02-06,08:15,08:29,0.44,kWh,
Electric usage,2022-02-06,08:30,08:44,0.28,kWh,
Electric usage,2022-02-06,08:45,08:59,0.30,kWh,
Electric usage,2022-02-06,09:00,09:14,0.30,kWh,
Electric usage,2022-02-06,09:15,09:29,0.32,kWh,
Electric usage,2022-02-06,09:30,09:44,0.30,kWh,
Electric usage,2022-02-06,09:45,09:59,0.32,kWh,
Electric usage,2022-02-06,10:00,10:14,0.27,kWh,
Electric usage,2022-02-06,10:15,10:29,0.28,kWh,
Electric usage,2022-02-06,10:30,10:44,0.23,kWh,
Electric usage,2022-02-06,10:45,10:59,0.29,kWh,
Electric usage,2022-02-06,11:00,11:14,0.26,kWh,
Electric usage,2022-02-06,11:15,11:29,0.21,kWh,
Electric usage,2022-02-06,11:30,11:44,0.22,kWh,
Electric usage,2022-02-06,11:45,11:59,0.25,kWh,
Electric usage,2022-02-06,12:00,12:14,0.32,kWh,
Electric usage,2022-02-06,12:15,12:29,0.29,kWh,
Electric usage,2022-02-06,12:30,12:44,0.40,kWh,
Electric usage,2022-02-06,12:45,12:59,0.33,kWh,
Electric usage,2022-02-06,13:00,13:14,0.30,kWh,
Electric usage,2022-02-06,13:15,13:29,0.22,kWh,
Electric usage,2022-02-06,13:30,13:44,0.23,kWh,
Electric usage,2022-02-06,13:45,13:59,0.23,kWh,
Electric usage,2022-02-06,14:00,14:14,0.26,kWh,
Electric usage,2022-02-06,14:15,14:29,0.23,kWh,
Electric usage,2022-02-06,14:30,14:44,0.24,kWh,
Electric usage,2022-02-06,14:45,14:59,0.19,kWh,
Electric usage,2022-02-06,15:00,15:14,0.27,kWh,
Electric usage,2022-02-06,15:15,15:29,0.23,kWh,
Electric usage,2022-02-06,15:30,15:44,0.26,kWh,
Electric usage,2022-02-06,15:45,15:59,0.22,kWh,
Electric usage,2022-02-06,16:00,16:14,0.26,kWh,
Electric usage,2022-02-06,16:15,16:29,0.22,kWh,
Electric usage,2022-02-06,16:30,16:44,0.20,kWh,
Electric usage,2022-02-06,16:45,16:59,0.24,kWh,
Electric usage,2022-02-06,17:00,17:14,0.23,kWh,
Electric usage,2022-02-06,17:15,17:29,0.20,kWh,
Electric usage,2022-02-06,17:30,17:44,0.34,kWh,
Electric usage,2022-02-06,17:45,17:59,1.10,kWh,
Electric usage,2022-02-06,18:00,18:14,1.12,kWh,
Electric usage,2022-02-06,18:15,18:29,0.41,kWh,
Electric usage,2022-02-06,18:30,18:44,0.33,kWh,
Electric usage,2022-02-06,18:45,18:59,0.63,kWh,
Electric usage,2022-02-06,19:00,19:14,0.55,kWh,
Electric usage,2022-02-06,19:15,19:29,0.36,kWh,
Electric usage,2022-02-06,19:30,19:44,0.71,kWh,
Electric usage,2022-02-06,19:45,19:59,0.79,kWh,
Electric usage,2022-02-06,20:00,20:14,0.80,kWh,
Electric usage,2022-02-06,20:15,20:29,0.70,kWh,
Electric usage,2022-02-06,20:30,20:44,0.75,kWh,
Electric usage,2022-02-06,20:45,20:59,0.75,kWh,
Electric usage,2022-02-06,21:00,21:14,0.33,kWh,
Electric usage,2022-02-06,21:15,21:29,0.30,kWh,
Electric usage,2022-02-06,21:30,21:44,0.34,kWh,
Electric usage,2022-02-06,21:45,21:59,0.26,kWh,
Electric usage,2022-02-06,22:00,22:14,0.29,kWh,
Electric usage,2022-02-06,22:15,22:29,0.29,kWh,
Electric usage,2022-02-06,22:30,22:44,0.36,kWh,
Electric usage,2022-02-06,22:45,22:59,0.28,kWh,
Electric usage,2022-02-06,23:00,23:14,0.29,kWh,
Electric usage,2022-02-06,23:15,23:29,0.27,kWh,
Electric usage,2022-02-06,23:30,23:44,0.32,kWh,
Electric usage,2022-02-06,23:45,23:59,0.30,kWh,
Electric usage,2022-02-07,00:00,00:14,0.30,kWh,
Electric usage,2022-02-07,00:15,00:29,0.29,kWh,
Electric usage,2022-02-07,00:30,00:44,0.32,kWh,
Electric usage,2022-02-07,00:45,00:59,0.34,kWh,
Electric usage,2022-02-07,01:00,01:14,0.31,kWh,
Electric usage,2022-02-07,01:15,01:29,0.33,kWh,
Electric usage,2022-02-07,01:30,01:44,0.34,kWh,
Electric usage,2022-02-07,01:45,01:59,0.32,kWh,
Electric usage,2022-02-07,02:00,02:14,0.30,kWh,
Electric usage,2022-02-07,02:15,02:29,0.32,kWh,
Electric usage,2022-02-07,02:30,02:44,0.32,kWh,
Electric usage,2022-02-07,02:45,02:59,0.32,kWh,
Electric usage,2022-02-07,03:00,03:14,0.30,kWh,
Electric usage,2022-02-07,03:15,03:29,0.32,kWh,
Electric usage,2022-02-07,03:30,03:44,0.23,kWh,
Electric usage,2022-02-07,03:45,03:59,0.23,kWh,
Electric usage,2022-02-07,04:00,04:14,0.22,kWh,
Electric usage,2022-02-07,04:15,04:29,0.21,kWh,
Electric usage,2022-02-07,04:30,04:44,0.62,kWh,
Electric usage,2022-02-07,04:45,04:59,0.72,kWh,
Electric usage,2022-02-07,05:00,05:14,0.72,kWh,
Electric usage,2022-02-07,05:15,05:29,0.73,kWh,
Electric usage,2022-02-07,05:30,05:44,1.07,kWh,
Electric usage,2022-02-07,05:45,05:59,1.15,kWh,
Electric usage,2022-02-07,06:00,06:14,1.17,kWh,
Electric usage,2022-02-07,06:15,06:29,1.19,kWh,
Electric usage,2022-02-07,06:30,06:44,0.51,kWh,
Electric usage,2022-02-07,06:45,06:59,0.33,kWh,
Electric usage,2022-02-07,07:00,07:14,0.36,kWh,
Electric usage,2022-02-07,07:15,07:29,0.34,kWh,
Electric usage,2022-02-07,07:30,07:44,0.33,kWh,
Electric usage,2022-02-07,07:45,07:59,0.34,kWh,
Electric usage,2022-02-07,08:00,08:14,0.41,kWh,
Electric usage,2022-02-07,08:15,08:29,0.37,kWh,
Electric usage,2022-02-07,08:30,08:44,0.35,kWh,
Electric usage,2022-02-07,08:45,08:59,0.24,kWh,
Electric usage,2022-02-07,09:00,09:14,0.34,kWh,
Electric usage,2022-02-07,09:15,09:29,0.25,kWh,
Electric usage,2022-02-07,09:30,09:44,0.30,kWh,
Electric usage,2022-02-07,09:45,09:59,0.26,kWh,
Electric usage,2022-02-07,10:00,10:14,0.30,kWh,
Electric usage,2022-02-07,10:15,10:29,0.23,kWh,
Electric usage,2022-02-07,10:30,10:44,0.36,kWh,
Electric usage,2022-02-07,10:45,10:59,0.27,kWh,
Electric usage,2022-02-07,11:00,11:14,0.36,kWh,
Electric usage,2022-02-07,11:15,11:29,0.24,kWh,
Electric usage,2022-02-07,11:30,11:44,0.32,kWh,
Electric usage,2022-02-07,11:45,11:59,0.27,kWh,
Electric usage,2022-02-07,12:00,12:14,0.30,kWh,
Electric usage,2022-02-07,12:15,12:29,0.26,kWh,
Electric usage,2022-02-07,12:30,12:44,0.39,kWh,
Electric usage,2022-02-07,12:45,12:59,0.32,kWh,
Electric usage,2022-02-07,13:00,13:14,0.34,kWh,
Electric usage,2022-02-07,13:15,13:29,0.30,kWh,
Electric usage,2022-02-07,13:30,13:44,0.44,kWh,
Electric usage,2022-02-07,13:45,13:59,0.29,kWh,
Electric usage,2022-02-07,14:00,14:14,0.34,kWh,
Electric usage,2022-02-07,14:15,14:29,0.30,kWh,
Electric usage,2022-02-07,14:30,14:44,0.29,kWh,
Electric usage,2022-02-07,14:45,14:59,0.26,kWh,
Electric usage,2022-02-07,15:00,15:14,0.32,kWh,
Electric usage,2022-02-07,15:15,15:29,0.22,kWh,
Electric usage,2022-02-07,15:30,15:44,0.26,kWh,
Electric usage,2022-02-07,15:45,15:59,0.25,kWh,
Electric usage,2022-02-07,16:00,16:14,0.33,kWh,
Electric usage,2022-02-07,16:15,16:29,0.24,kWh,
Electric usage,2022-02-07,16:30,16:44,0.31,kWh,
Electric usage,2022-02-07,16:45,16:59,0.34,kWh,
Electric usage,2022-02-07,17:00,17:14,0.19,kWh,
Electric usage,2022-02-07,17:15,17:29,0.24,kWh,
Electric usage,2022-02-07,17:30,17:44,0.40,kWh,
Electric usage,2022-02-07,17:45,17:59,1.15,kWh,
Electric usage,2022-02-07,18:00,18:14,1.18,kWh,
Electric usage,2022-02-07,18:15,18:29,0.47,kWh,
Electric usage,2022-02-07,18:30,18:44,0.30,kWh,
Electric usage,2022-02-07,18:45,18:59,0.32,kWh,
Electric usage,2022-02-07,19:00,19:14,0.40,kWh,
Electric usage,2022-02-07,19:15,19:29,0.33,kWh,
Electric usage,2022-02-07,19:30,19:44,0.60,kWh,
Electric usage,2022-02-07,19:45,19:59,0.76,kWh,
Electric usage,2022-02-07,20:00,20:14,0.82,kWh,
Electric usage,2022-02-07,20:15,20:29,0.75,kWh,
Electric usage,2022-02-07,20:30,20:44,0.76,kWh,
Electric usage,2022-02-07,20:45,20:59,0.67,kWh,
Electric usage,2022-02-07,21:00,21:14,0.38,kWh,
Electric usage,2022-02-07,21:15,21:29,0.35,kWh,
Electric usage,2022-02-07,21:30,21:44,0.37,kWh,
Electric usage,2022-02-07,21:45,21:59,0.36,kWh,
Electric usage,2022-02-07,22:00,22:14,0.38,kWh,
Electric usage,2022-02-07,22:15,22:29,0.37,kWh,
Electric usage,2022-02-07,22:30,22:44,0.36,kWh,
Electric usage,2022-02-07,22:45,22:59,0.39,kWh,
Electric usage,2022-02-07,23:00,23:14,0.60,kWh,
Electric usage,2022-02-07,23:15,23:29,0.54,kWh,
Electric usage,2022-02-07,23:30,23:44,0.48,kWh,
Electric usage,2022-02-07,23:45,23:59,0.27,kWh,
Electric usage,2022-02-08,00:00,00:14,0.28,kWh,
Electric usage,2022-02-08,00:15,00:29,0.30,kWh,
Electric usage,2022-02-08,00:30,00:44,0.29,kWh,
Electric usage,2022-02-08,00:45,00:59,0.29,kWh,
Electric usage,2022-02-08,01:00,01:14,0.30,kWh,
Electric usage,2022-02-08,01:15,01:29,0.33,kWh,
Electric usage,2022-02-08,01:30,01:44,0.31,kWh,
Electric usage,2022-02-08,01:45,01:59,0.29,kWh,
Electric usage,2022-02-08,02:00,02:14,0.27,kWh,
Electric usage,2022-02-08,02:15,02:29,0.29,kWh,
Electric usage,2022-02-08,02:30,02:44,0.28,kWh,
Electric usage,2022-02-08,02:45,02:59,0.27,kWh,
Electric usage,2022-02-08,03:00,03:14,0.26,kWh,
Electric usage,2022-02-08,03:15,03:29,0.26,kWh,
Electric usage,2022-02-08,03:30,03:44,0.19,kWh,
Electric usage,2022-02-08,03:45,03:59,0.17,kWh,
Electric usage,2022-02-08,04:00,04:14,0.19,kWh,
Electric usage,2022-02-08,04:15,04:29,0.15,kWh,
Electric usage,2022-02-08,04:30,04:44,0.58,kWh,
Electric usage,2022-02-08,04:45,04:59,0.67,kWh,
Electric usage,2022-02-08,05:00,05:14,0.68,kWh,
Electric usage,2022-02-08,05:15,05:29,0.66,kWh,
Electric usage,2022-02-08,05:30,05:44,1.02,kWh,
Electric usage,2022-02-08,05:45,05:59,1.09,kWh,
Electric usage,2022-02-08,06:00,06:14,1.11,kWh,
Electric usage,2022-02-08,06:15,06:29,1.13,kWh,
Electric usage,2022-02-08,06:30,06:44,0.50,kWh,
Electric usage,2022-02-08,06:45,06:59,0.29,kWh,
Electric usage,2022-02-08,07:00,07:14,0.30,kWh,
Electric usage,2022-02-08,07:15,07:29,0.30,kWh,
Electric usage,2022-02-08,07:30,07:44,0.32,kWh,
Electric usage,2022-02-08,07:45,07:59,0.33,kWh,
Electric usage,2022-02-08,08:00,08:14,0.31,kWh,
Electric usage,2022-02-08,08:15,08:29,0.22,kWh,
Electric usage,2022-02-08,08:30,08:44,0.26,kWh,
Electric usage,2022-02-08,08:45,08:59,0.23,kWh,
Electric usage,2022-02-08,09:00,09:14,0.20,kWh,
Electric usage,2022-02-08,09:15,09:29,0.32,kWh,
Electric usage,2022-02-08,09:30,09:44,0.25,kWh,
Electric usage,2022-02-08,09:45,09:59,0.22,kWh,
Electric usage,2022-02-08,10:00,10:14,0.34,kWh,
Electric usage,2022-02-08,10:15,10:29,0.41,kWh,
Electric usage,2022-02-08,10:30,10:44,0.63,kWh,
Electric usage,2022-02-08,10:45,10:59,0.28,kWh,
Electric usage,2022-02-08,11:00,11:14,0.36,kWh,
Electric usage,2022-02-08,11:15,11:29,0.33,kWh,
Electric usage,2022-02-08,11:30,11:44,0.29,kWh,
Electric usage,2022-02-08,11:45,11:59,0.25,kWh,
Electric usage,2022-02-08,12:00,12:14,0.29,kWh,
Electric usage,2022-02-08,12:15,12:29,0.31,kWh,
Electric usage,2022-02-08,12:30,12:44,0.28,kWh,
Electric usage,2022-02-08,12:45,12:59,0.34,kWh,
Electric usage,2022-02-08,13:00,13:14,0.32,kWh,
Electric usage,2022-02-08,13:15,13:29,0.36,kWh,
Electric usage,2022-02-08,13:30,13:44,0.23,kWh,
Electric usage,2022-02-08,13:45,13:59,0.28,kWh,
Electric usage,2022-02-08,14:00,14:14,0.25,kWh,
Electric usage,2022-02-08,14:15,14:29,0.29,kWh,
Electric usage,2022-02-08,14:30,14:44,0.22,kWh,
Electric usage,2022-02-08,14:45,14:59,0.28,kWh,
Electric usage,2022-02-08,15:00,15:14,0.30,kWh,
Electric usage,2022-02-08,15:15,15:29,0.33,kWh,
Electric usage,2022-02-08,15:30,15:44,0.32,kWh,
Electric usage,2022-02-08,15:45,15:59,0.32,kWh,
Electric usage,2022-02-08,16:00,16:14,0.25,kWh,
Electric usage,2022-02-08,16:15,16:29,0.27,kWh,
Electric usage,2022-02-08,16:30,16:44,0.26,kWh,
Electric usage,2022-02-08,16:45,16:59,0.24,kWh,
Electric usage,2022-02-08,17:00,17:14,0.20,kWh,
Electric usage,2022-02-08,17:15,17:29,0.22,kWh,
Electric usage,2022-02-08,17:30,17:44,0.36,kWh,
Electric usage,2022-02-08,17:45,17:59,1.12,kWh,
Electric usage,2022-02-08,18:00,18:14,1.14,kWh,
Electric usage,2022-02-08,18:15,18:29,0.44,kWh,
Electric usage,2022-02-08,18:30,18:44,0.28,kWh,
Electric usage,2022-02-08,18:45,18:59,0.29,kWh,
Electric usage,2022-02-08,19:00,19:14,0.33,kWh,
Electric usage,2022-02-08,19:15,19:29,0.30,kWh,
Electric usage,2022-02-08,19:30,19:44,0.59,kWh,
Electric usage,2022-02-08,19:45,19:59,0.70,kWh,
Electric usage,2022-02-08,20:00,20:14,0.73,kWh,
Electric usage,2022-02-08,20:15,20:29,0.69,kWh,
Electric usage,2022-02-08,20:30,20:44,0.72,kWh,
Electric usage,2022-02-08,20:45,20:59,0.91,kWh,
Electric usage,2022-02-08,21:00,21:14,1.27,kWh,
Electric usage,2022-02-08,21:15,21:29,0.64,kWh,
Electric usage,2022-02-08,21:30,21:44,0.28,kWh,
Electric usage,2022-02-08,21:45,21:59,0.35,kWh,
Electric usage,2022-02-08,22:00,22:14,0.35,kWh,
Electric usage,2022-02-08,22:15,22:29,0.24,kWh,
Electric usage,2022-02-08,22:30,22:44,0.23,kWh,
Electric usage,2022-02-08,22:45,22:59,0.27,kWh,
Electric usage,2022-02-08,23:00,23:14,0.27,kWh,
Electric usage,2022-02-08,23:15,23:29,0.23,kWh,
Electric usage,2022-02-08,23:30,23:44,0.52,kWh,
Electric usage,2022-02-08,23:45,23:59,0.37,kWh,
Electric usage,2022-02-09,00:00,00:14,0.31,kWh,
Electric usage,2022-02-09,00:15,00:29,0.31,kWh,
Electric usage,2022-02-09,00:30,00:44,0.30,kWh,
Electric usage,2022-02-09,00:45,00:59,0.31,kWh,
Electric usage,2022-02-09,01:00,01:14,0.39,kWh,
Electric usage,2022-02-09,01:15,01:29,0.33,kWh,
Electric usage,2022-02-09,01:30,01:44,0.32,kWh,
Electric usage,2022-02-09,01:45,01:59,0.33,kWh,
Electric usage,2022-02-09,02:00,02:14,0.34,kWh,
Electric usage,2022-02-09,02:15,02:29,0.34,kWh,
Electric usage,2022-02-09,02:30,02:44,0.32,kWh,
Electric usage,2022-02-09,02:45,02:59,0.34,kWh,
Electric usage,2022-02-09,03:00,03:14,0.34,kWh,
Electric usage,2022-02-09,03:15,03:29,0.32,kWh,
Electric usage,2022-02-09,03:30,03:44,0.23,kWh,
Electric usage,2022-02-09,03:45,03:59,0.21,kWh,
Electric usage,2022-02-09,04:00,04:14,0.19,kWh,
Electric usage,2022-02-09,04:15,04:29,0.21,kWh,
Electric usage,2022-02-09,04:30,04:44,0.63,kWh,
Electric usage,2022-02-09,04:45,04:59,0.72,kWh,
Electric usage,2022-02-09,05:00,05:14,0.73,kWh,
Electric usage,2022-02-09,05:15,05:29,0.74,kWh,
Electric usage,2022-02-09,05:30,05:44,1.08,kWh,
Electric usage,2022-02-09,05:45,05:59,1.14,kWh,
Electric usage,2022-02-09,06:00,06:14,1.15,kWh,
Electric usage,2022-02-09,06:15,06:29,1.07,kWh,
Electric usage,2022-02-09,06:30,06:44,0.43,kWh,
Electric usage,2022-02-09,06:45,06:59,0.27,kWh,
Electric usage,2022-02-09,07:00,07:14,0.33,kWh,
Electric usage,2022-02-09,07:15,07:29,0.23,kWh,
Electric usage,2022-02-09,07:30,07:44,0.33,kWh,
Electric usage,2022-02-09,07:45,07:59,0.37,kWh,
Electric usage,2022-02-09,08:00,08:14,0.35,kWh,
Electric usage,2022-02-09,08:15,08:29,0.17,kWh,
Electric usage,2022-02-09,08:30,08:44,0.24,kWh,
Electric usage,2022-02-09,08:45,08:59,0.23,kWh,
Electric usage,2022-02-09,09:00,09:14,0.27,kWh,
Electric usage,2022-02-09,09:15,09:29,0.21,kWh,
Electric usage,2022-02-09,09:30,09:44,0.23,kWh,
Electric usage,2022-02-09,09:45,09:59,0.30,kWh,
Electric usage,2022-02-09,10:00,10:14,0.32,kWh,
Electric usage,2022-02-09,10:15,10:29,0.34,kWh,
Electric usage,2022-02-09,10:30,10:44,0.24,kWh,
Electric usage,2022-02-09,10:45,10:59,0.38,kWh,
Electric usage,2022-02-09,11:00,11:14,0.49,kWh,
Electric usage,2022-02-09,11:15,11:29,0.38,kWh,
Electric usage,2022-02-09,11:30,11:44,0.26,kWh,
Electric usage,2022-02-09,11:45,11:59,0.28,kWh,
Electric usage,2022-02-09,12:00,12:14,0.26,kWh,
Electric usage,2022-02-09,12:15,12:29,0.22,kWh,
Electric usage,2022-02-09,12:30,12:44,0.23,kWh,
Electric usage,2022-02-09,12:45,12:59,0.27,kWh,
Electric usage,2022-02-09,13:00,13:14,0.29,kWh,
Electric usage,2022-02-09,13:15,13:29,0.28,kWh,
Electric usage,2022-02-09,13:30,13:44,0.30,kWh,
Electric usage,2022-02-09,13:45,13:59,0.29,kWh,
Electric usage,2022-02-09,14:00,14:14,0.31,kWh,
Electric usage,2022-02-09,14:15,14:29,0.27,kWh,
Electric usage,2022-02-09,14:30,14:44,0.26,kWh,
Electric usage,2022-02-09,14:45,14:59,0.30,kWh,
Electric usage,2022-02-09,15:00,15:14,0.31,kWh,
Electric usage,2022-02-09,15:15,15:29,0.23,kWh,
Electric usage,2022-02-09,15:30,15:44,0.19,kWh,
Electric usage,2022-02-09,15:45,15:59,0.21,kWh,
Electric usage,2022-02-09,16:00,16:14,0.24,kWh,
Electric usage,2022-02-09,16:15,16:29,0.21,kWh,
Electric usage,2022-02-09,16:30,16:44,0.21,kWh,
Electric usage,2022-02-09,16:45,16:59,0.21,kWh,
Electric usage,2022-02-09,17:00,17:14,0.24,kWh,
Electric usage,2022-02-09,17:15,17:29,0.24,kWh,
Electric usage,2022-02-09,17:30,17:44,0.35,kWh,
Electric usage,2022-02-09,17:45,17:59,1.11,kWh,
Electric usage,2022-02-09,18:00,18:14,1.18,kWh,
Electric usage,2022-02-09,18:15,18:29,0.45,kWh,
Electric usage,2022-02-09,18:30,18:44,0.25,kWh,
Electric usage,2022-02-09,18:45,18:59,0.24,kWh,
Electric usage,2022-02-09,19:00,19:14,0.24,kWh,
Electric usage,2022-02-09,19:15,19:29,0.27,kWh,
Electric usage,2022-02-09,19:30,19:44,0.72,kWh,
Electric usage,2022-02-09,19:45,19:59,0.77,kWh,
Electric usage,2022-02-09,20:00,20:14,0.82,kWh,
Electric usage,2022-02-09,20:15,20:29,0.78,kWh,
Electric usage,2022-02-09,20:30,20:44,0.77,kWh,
Electric usage,2022-02-09,20:45,20:59,0.72,kWh,
Electric usage,2022-02-09,21:00,21:14,0.31,kWh,
Electric usage,2022-02-09,21:15,21:29,0.27,kWh,
Electric usage,2022-02-09,21:30,21:44,0.25,kWh,
Electric usage,2022-02-09,21:45,21:59,0.28,kWh,
Electric usage,2022-02-09,22:00,22:14,0.26,kWh,
Electric usage,2022-02-09,22:15,22:29,0.44,kWh,
Electric usage,2022-02-09,22:30,22:44,0.31,kWh,
Electric usage,2022-02-09,22:45,22:59,0.32,kWh,
Electric usage,2022-02-09,23:00,23:14,0.32,kWh,
Electric usage,2022-02-09,23:15,23:29,0.30,kWh,
Electric usage,2022-02-09,23:30,23:44,0.31,kWh,
Electric usage,2022-02-09,23:45,23:59,0.31,kWh,
Electric usage,2022-02-10,00:00,00:14,0.33,kWh,
Electric usage,2022-02-10,00:15,00:29,0.32,kWh,
Electric usage,2022-02-10,00:30,00:44,0.35,kWh,
Electric usage,2022-02-10,00:45,00:59,0.37,kWh,
Electric usage,2022-02-10,01:00,01:14,0.32,kWh,
Electric usage,2022-02-10,01:15,01:29,0.33,kWh,
Electric usage,2022-02-10,01:30,01:44,0.33,kWh,
Electric usage,2022-02-10,01:45,01:59,0.32,kWh,
Electric usage,2022-02-10,02:00,02:14,0.32,kWh,
Electric usage,2022-02-10,02:15,02:29,0.30,kWh,
Electric usage,2022-02-10,02:30,02:44,0.30,kWh,
Electric usage,2022-02-10,02:45,02:59,0.32,kWh,
Electric usage,2022-02-10,03:00,03:14,0.31,kWh,
Electric usage,2022-02-10,03:15,03:29,0.30,kWh,
Electric usage,2022-02-10,03:30,03:44,0.24,kWh,
Electric usage,2022-02-10,03:45,03:59,0.24,kWh,
Electric usage,2022-02-10,04:00,04:14,0.20,kWh,
Electric usage,2022-02-10,04:15,04:29,0.20,kWh,
Electric usage,2022-02-10,04:30,04:44,0.63,kWh,
Electric usage,2022-02-10,04:45,04:59,0.73,kWh,
Electric usage,2022-02-10,05:00,05:14,0.73,kWh,
Electric usage,2022-02-10,05:15,05:29,0.73,kWh,
Electric usage,2022-02-10,05:30,05:44,1.06,kWh,
Electric usage,2022-02-10,05:45,05:59,1.15,kWh,
Electric usage,2022-02-10,06:00,06:14,1.15,kWh,
Electric usage,2022-02-10,06:15,06:29,1.09,kWh,
Electric usage,2022-02-10,06:30,06:44,0.42,kWh,
Electric usage,2022-02-10,06:45,06:59,0.32,kWh,
Electric usage,2022-02-10,07:00,07:14,0.29,kWh,
Electric usage,2022-02-10,07:15,07:29,0.31,kWh,
Electric usage,2022-02-10,07:30,07:44,0.23,kWh,
Electric usage,2022-02-10,07:45,07:59,0.37,kWh,
Electric usage,2022-02-10,08:00,08:14,0.30,kWh,
Electric usage,2022-02-10,08:15,08:29,0.27,kWh,
Electric usage,2022-02-10,08:30,08:44,0.20,kWh,
Electric usage,2022-02-10,08:45,08:59,0.36,kWh,
Electric usage,2022-02-10,09:00,09:14,0.23,kWh,
Electric usage,2022-02-10,09:15,09:29,0.23,kWh,
Electric usage,2022-02-10,09:30,09:44,0.22,kWh,
Electric usage,2022-02-10,09:45,09:59,0.21,kWh,
Electric usage,2022-02-10,10:00,10:14,0.23,kWh,
Electric usage,2022-02-10,10:15,10:29,0.22,kWh,
Electric usage,2022-02-10,10:30,10:44,0.20,kWh,
Electric usage,2022-02-10,10:45,10:59,0.25,kWh,
Electric usage,2022-02-10,11:00,11:14,0.23,kWh,
Electric usage,2022-02-10,11:15,11:29,0.20,kWh,
Electric usage,2022-02-10,11:30,11:44,0.19,kWh,
Electric usage,2022-02-10,11:45,11:59,0.21,kWh,
Electric usage,2022-02-10,12:00,12:14,0.24,kWh,
Electric usage,2022-02-10,12:15,12:29,0.19,kWh,
Electric usage,2022-02-10,12:30,12:44,0.21,kWh,
Electric usage,2022-02-10,12:45,12:59,0.22,kWh,
Electric usage,2022-02-10,13:00,13:14,0.27,kWh,
Electric usage,2022-02-10,13:15,13:29,0.20,kWh,
Electric usage,2022-02-10,13:30,13:44,0.23,kWh,
Electric usage,2022-02-10,13:45,13:59,0.29,kWh,
Electric usage,2022-02-10,14:00,14:14,0.36,kWh,
Electric usage,2022-02-10,14:15,14:29,0.32,kWh,
Electric usage,2022-02-10,14:30,14:44,0.35,kWh,
Electric usage,2022-02-10,14:45,14:59,0.24,kWh,
Electric usage,2022-02-10,15:00,15:14,0.29,kWh,
Electric usage,2022-02-10,15:15,15:29,0.24,kWh,
Electric usage,2022-02-10,15:30,15:44,0.23,kWh,
Electric usage,2022-02-10,15:45,15:59,0.22,kWh,
Electric usage,2022-02-10,16:00,16:14,0.21,kWh,
Electric usage,2022-02-10,16:15,16:29,0.23,kWh,
Electric usage,2022-02-10,16:30,16:44,0.24,kWh,
Electric usage,2022-02-10,16:45,16:59,0.26,kWh,
Electric usage,2022-02-10,17:00,17:14,0.27,kWh,
Electric usage,2022-02-10,17:15,17:29,0.30,kWh,
Electric usage,2022-02-10,17:30,17:44,0.48,kWh,
Electric usage,2022-02-10,17:45,17:59,1.13,kWh,
Electric usage,2022-02-10,18:00,18:14,1.14,kWh,
Electric usage,2022-02-10,18:15,18:29,0.42,kWh,
Electric usage,2022-02-10,18:30,18:44,0.29,kWh,
Electric usage,2022-02-10,18:45,18:59,0.31,kWh,
Electric usage,2022-02-10,19:00,19:14,0.32,kWh,
Electric usage,2022-02-10,19:15,19:29,0.31,kWh,
Electric usage,2022-02-10,19:30,19:44,0.60,kWh,
Electric usage,2022-02-10,19:45,19:59,0.71,kWh,
Electric usage,2022-02-10,20:00,20:14,0.73,kWh,
Electric usage,2022-02-10,20:15,20:29,0.64,kWh,
Electric usage,2022-02-10,20:30,20:44,0.67,kWh,
Electric usage,2022-02-10,20:45,20:59,0.70,kWh,
Electric usage,2022-02-10,21:00,21:14,0.34,kWh,
Electric usage,2022-02-10,21:15,21:29,0.26,kWh,
Electric usage,2022-02-10,21:30,21:44,0.29,kWh,
Electric usage,2022-02-10,21:45,21:59,0.28,kWh,
Electric usage,2022-02-10,22:00,22:14,0.40,kWh,
Electric usage,2022-02-10,22:15,22:29,0.29,kWh,
Electric usage,2022-02-10,22:30,22:44,0.28,kWh,
Electric usage,2022-02-10,22:45,22:59,0.29,kWh,
Electric usage,2022-02-10,23:00,23:14,0.29,kWh,
Electric usage,2022-02-10,23:15,23:29,0.28,kWh,
Electric usage,2022-02-10,23:30,23:44,0.36,kWh,
Electric usage,2022-02-10,23:45,23:59,0.29,kWh,
Electric usage,2022-02-11,00:00,00:14,0.30,kWh,
Electric usage,2022-02-11,00:15,00:29,0.34,kWh,
Electric usage,2022-02-11,00:30,00:44,0.39,kWh,
Electric usage,2022-02-11,00:45,00:59,0.36,kWh,
Electric usage,2022-02-11,01:00,01:14,0.31,kWh,
Electric usage,2022-02-11,01:15,01:29,0.32,kWh,
Electric usage,2022-02-11,01:30,01:44,0.33,kWh,
Electric usage,2022-02-11,01:45,01:59,0.32,kWh,
Electric usage,2022-02-11,02:00,02:14,0.23,kWh,
Electric usage,2022-02-11,02:15,02:29,0.24,kWh,
Electric usage,2022-02-11,02:30,02:44,0.31,kWh,
Electric usage,2022-02-11,02:45,02:59,0.30,kWh,
Electric usage,2022-02-11,03:00,03:14,0.34,kWh,
Electric usage,2022-02-11,03:15,03:29,0.30,kWh,
Electric usage,2022-02-11,03:30,03:44,0.26,kWh,
Electric usage,2022-02-11,03:45,03:59,0.18,kWh,
Electric usage,2022-02-11,04:00,04:14,0.21,kWh,
Electric usage,2022-02-11,04:15,04:29,0.14,kWh,
Electric usage,2022-02-11,04:30,04:44,0.62,kWh,
Electric usage,2022-02-11,04:45,04:59,0.68,kWh,
Electric usage,2022-02-11,05:00,05:14,0.73,kWh,
Electric usage,2022-02-11,05:15,05:29,0.66,kWh,
Electric usage,2022-02-11,05:30,05:44,1.08,kWh,
Electric usage,2022-02-11,05:45,05:59,1.08,kWh,
Electric usage,2022-02-11,06:00,06:14,1.15,kWh,
Electric usage,2022-02-11,06:15,06:29,1.08,kWh,
Electric usage,2022-02-11,06:30,06:44,0.46,kWh,
Electric usage,2022-02-11,06:45,06:59,0.31,kWh,
Electric usage,2022-02-11,07:00,07:14,0.32,kWh,
Electric usage,2022-02-11,07:15,07:29,0.31,kWh,
Electric usage,2022-02-11,07:30,07:44,0.27,kWh,
Electric usage,2022-02-11,07:45,07:59,0.30,kWh,
Electric usage,2022-02-11,08:00,08:14,0.26,kWh,
Electric usage,2022-02-11,08:15,08:29,0.19,kWh,
Electric usage,2022-02-11,08:30,08:44,0.19,kWh,
Electric usage,2022-02-11,08:45,08:59,0.36,kWh,
Electric usage,2022-02-11,09:00,09:14,0.52,kWh,
Electric usage,2022-02-11,09:15,09:29,0.34,kWh,
Electric usage,2022-02-11,09:30,09:44,0.35,kWh,
Electric usage,2022-02-11,09:45,09:59,0.37,kWh,
Electric usage,2022-02-11,10:00,10:14,0.36,kWh,
Electric usage,2022-02-11,10:15,10:29,0.28,kWh,
Electric usage,2022-02-11,10:30,10:44,0.21,kWh,
Electric usage,2022-02-11,10:45,10:59,0.26,kWh,
Electric usage,2022-02-11,11:00,11:14,0.36,kWh,
Electric usage,2022-02-11,11:15,11:29,0.25,kWh,
Electric usage,2022-02-11,11:30,11:44,0.21,kWh,
Electric usage,2022-02-11,11:45,11:59,0.26,kWh,
Electric usage,2022-02-11,12:00,12:14,0.26,kWh,
Electric usage,2022-02-11,12:15,12:29,0.30,kWh,
Electric usage,2022-02-11,12:30,12:44,0.27,kWh,
Electric usage,2022-02-11,12:45,12:59,0.36,kWh,
Electric usage,2022-02-11,13:00,13:14,0.25,kWh,
Electric usage,2022-02-11,13:15,13:29,0.29,kWh,
Electric usage,2022-02-11,13:30,13:44,0.22,kWh,
Electric usage,2022-02-11,13:45,13:59,0.43,kWh,
Electric usage,2022-02-11,14:00,14:14,0.33,kWh,
Electric usage,2022-02-11,14:15,14:29,0.45,kWh,
Electric usage,2022-02-11,14:30,14:44,0.26,kWh,
Electric usage,2022-02-11,14:45,14:59,0.24,kWh,
Electric usage,2022-02-11,15:00,15:14,0.25,kWh,
Electric usage,2022-02-11,15:15,15:29,0.25,kWh,
Electric usage,2022-02-11,15:30,15:44,0.23,kWh,
Electric usage,2022-02-11,15:45,15:59,0.23,kWh,
Electric usage,2022-02-11,16:00,16:14,0.25,kWh,
Electric usage,2022-02-11,16:15,16:29,0.24,kWh,
Electric usage,2022-02-11,16:30,16:44,0.27,kWh,
Electric usage,2022-02-11,16:45,16:59,0.31,kWh,
Electric usage,2022-02-11,17:00,17:14,0.34,kWh,
Electric usage,2022-02-11,17:15,17:29,0.33,kWh,
Electric usage,2022-02-11,17:30,17:44,0.45,kWh,
Electric usage,2022-02-11,17:45,17:59,1.18,kWh,
Electric usage,2022-02-11,18:00,18:14,1.17,kWh,
Electric usage,2022-02-11,18:15,18:29,0.45,kWh,
Electric usage,2022-02-11,18:30,18:44,0.20,kWh,
Electric usage,2022-02-11,18:45,18:59,0.28,kWh,
Electric usage,2022-02-11,19:00,19:14,0.32,kWh,
Electric usage,2022-02-11,19:15,19:29,0.28,kWh,
Electric usage,2022-02-11,19:30,19:44,0.58,kWh,
Electric usage,2022-02-11,19:45,19:59,0.70,kWh,
Electric usage,2022-02-11,20:00,20:14,0.67,kWh,
Electric usage,2022-02-11,20:15,20:29,0.79,kWh,
Electric usage,2022-02-11,20:30,20:44,0.65,kWh,
Electric usage,2022-02-11,20:45,20:59,0.72,kWh,
Electric usage,2022-02-11,21:00,21:14,0.47,kWh,
Electric usage,2022-02-11,21:15,21:29,0.36,kWh,
Electric usage,2022-02-11,21:30,21:44,0.30,kWh,
Electric usage,2022-02-11,21:45,21:59,0.24,kWh,
Electric usage,2022-02-11,22:00,22:14,0.24,kWh,
Electric usage,2022-02-11,22:15,22:29,0.25,kWh,
Electric usage,2022-02-11,22:30,22:44,0.20,kWh,
Electric usage,2022-02-11,22:45,22:59,0.25,kWh,
Electric usage,2022-02-11,23:00,23:14,0.22,kWh,
Electric usage,2022-02-11,23:15,23:29,0.28,kWh,
Electric usage,2022-02-11,23:30,23:44,0.21,kWh,
Electric usage,2022-02-11,23:45,23:59,0.25,kWh,
Electric usage,2022-02-12,00:00,00:14,0.23,kWh,
Electric usage,2022-02-12,00:15,00:29,0.25,kWh,
Electric usage,2022-02-12,00:30,00:44,0.20,kWh,
Electric usage,2022-02-12,00:45,00:59,0.25,kWh,
Electric usage,2022-02-12,01:00,01:14,0.23,kWh,
Electric usage,2022-02-12,01:15,01:29,0.25,kWh,
Electric usage,2022-02-12,01:30,01:44,0.22,kWh,
Electric usage,2022-02-12,01:45,01:59,0.26,kWh,
Electric usage,2022-02-12,02:00,02:14,0.22,kWh,
Electric usage,2022-02-12,02:15,02:29,0.24,kWh,
Electric usage,2022-02-12,02:30,02:44,0.20,kWh,
Electric usage,2022-02-12,02:45,02:59,0.24,kWh,
Electric usage,2022-02-12,03:00,03:14,0.28,kWh,
Electric usage,2022-02-12,03:15,03:29,0.32,kWh,
Electric usage,2022-02-12,03:30,03:44,0.14,kWh,
Electric usage,2022-02-12,03:45,03:59,0.17,kWh,
Electric usage,2022-02-12,04:00,04:14,0.15,kWh,
Electric usage,2022-02-12,04:15,04:29,0.15,kWh,
Electric usage,2022-02-12,04:30,04:44,0.53,kWh,
Electric usage,2022-02-12,04:45,04:59,0.63,kWh,
Electric usage,2022-02-12,05:00,05:14,0.64,kWh,
Electric usage,2022-02-12,05:15,05:29,0.64,kWh,
Electric usage,2022-02-12,05:30,05:44,0.96,kWh,
Electric usage,2022-02-12,05:45,05:59,1.08,kWh,
Electric usage,2022-02-12,06:00,06:14,1.13,kWh,
Electric usage,2022-02-12,06:15,06:29,1.05,kWh,
Electric usage,2022-02-12,06:30,06:44,0.36,kWh,
Electric usage,2022-02-12,06:45,06:59,0.26,kWh,
Electric usage,2022-02-12,07:00,07:14,0.26,kWh,
Electric usage,2022-02-12,07:15,07:29,0.24,kWh,
Electric usage,2022-02-12,07:30,07:44,0.22,kWh,
Electric usage,2022-02-12,07:45,07:59,0.25,kWh,
Electric usage,2022-02-12,08:00,08:14,0.44,kWh,
Electric usage,2022-02-12,08:15,08:29,0.37,kWh,
Electric usage,2022-02-12,08:30,08:44,0.32,kWh,
Electric usage,2022-02-12,08:45,08:59,0.41,kWh,
Electric usage,2022-02-12,09:00,09:14,0.36,kWh,
Electric usage,2022-02-12,09:15,09:29,0.34,kWh,
Electric usage,2022-02-12,09:30,09:44,0.32,kWh,
Electric usage,2022-02-12,09:45,09:59,0.33,kWh,
Electric usage,2022-02-12,10:00,10:14,0.34,kWh,
Electric usage,2022-02-12,10:15,10:29,0.32,kWh,
Electric usage,2022-02-12,10:30,10:44,0.28,kWh,
Electric usage,2022-02-12,10:45,10:59,0.33,kWh,
Electric usage,2022-02-12,11:00,11:14,0.28,kWh,
Electric usage,2022-02-12,11:15,11:29,0.31,kWh,
Electric usage,2022-02-12,11:30,11:44,0.31,kWh,
Electric usage,2022-02-12,11:45,11:59,0.29,kWh,
Electric usage,2022-02-12,12:00,12:14,0.27,kWh,
Electric usage,2022-02-12,12:15,12:29,0.30,kWh,
Electric usage,2022-02-12,12:30,12:44,0.25,kWh,
Electric usage,2022-02-12,12:45,12:59,0.33,kWh,
Electric usage,2022-02-12,13:00,13:14,0.29,kWh,
Electric usage,2022-02-12,13:15,13:29,0.30,kWh,
Electric usage,2022-02-12,13:30,13:44,0.30,kWh,
Electric usage,2022-02-12,13:45,13:59,0.34,kWh,
Electric usage,2022-02-12,14:00,14:14,0.29,kWh,
Electric usage,2022-02-12,14:15,14:29,0.31,kWh,
Electric usage,2022-02-12,14:30,14:44,0.33,kWh,
Electric usage,2022-02-12,14:45,14:59,0.34,kWh,
Electric usage,2022-02-12,15:00,15:14,0.30,kWh,
Electric usage,2022-02-12,15:15,15:29,0.25,kWh,
Electric usage,2022-02-12,15:30,15:44,0.36,kWh,
Electric usage,2022-02-12,15:45,15:59,0.63,kWh,
Electric usage,2022-02-12,16:00,16:14,0.56,kWh,
Electric usage,2022-02-12,16:15,16:29,0.60,kWh,
Electric usage,2022-02-12,16:30,16:44,0.53,kWh,
Electric usage,2022-02-12,16:45,16:59,0.54,kWh,
Electric usage,2022-02-12,17:00,17:14,0.60,kWh,
Electric usage,2022-02-12,17:15,17:29,0.62,kWh,
Electric usage,2022-02-12,17:30,17:44,0.75,kWh,
Electric usage,2022-02-12,17:45,17:59,1.43,kWh,
Electric usage,2022-02-12,18:00,18:14,1.35,kWh,
Electric usage,2022-02-12,18:15,18:29,0.55,kWh,
Electric usage,2022-02-12,18:30,18:44,0.47,kWh,
Electric usage,2022-02-12,18:45,18:59,0.48,kWh,
Electric usage,2022-02-12,19:00,19:14,0.50,kWh,
Electric usage,2022-02-12,19:15,19:29,0.51,kWh,
Electric usage,2022-02-12,19:30,19:44,0.94,kWh,
Electric usage,2022-02-12,19:45,19:59,0.91,kWh,
Electric usage,2022-02-12,20:00,20:14,0.89,kWh,
Electric usage,2022-02-12,20:15,20:29,0.89,kWh,
Electric usage,2022-02-12,20:30,20:44,0.96,kWh,
Electric usage,2022-02-12,20:45,20:59,1.05,kWh,
Electric usage,2022-02-12,21:00,21:14,0.60,kWh,
Electric usage,2022-02-12,21:15,21:29,0.66,kWh,
Electric usage,2022-02-12,21:30,21:44,0.53,kWh,
Electric usage,2022-02-12,21:45,21:59,0.76,kWh,
Electric usage,2022-02-12,22:00,22:14,0.53,kWh,
Electric usage,2022-02-12,22:15,22:29,0.52,kWh,
Electric usage,2022-02-12,22:30,22:44,0.54,kWh,
Electric usage,2022-02-12,22:45,22:59,0.57,kWh,
Electric usage,2022-02-12,23:00,23:14,0.55,kWh,
Electric usage,2022-02-12,23:15,23:29,0.40,kWh,
Electric usage,2022-02-12,23:30,23:44,0.26,kWh,
Electric usage,2022-02-12,23:45,23:59,0.26,kWh,
Electric usage,2022-02-13,00:00,00:14,0.29,kWh,
Electric usage,2022-02-13,00:15,00:29,0.24,kWh,
Electric usage,2022-02-13,00:30,00:44,0.32,kWh,
Electric usage,2022-02-13,00:45,00:59,0.34,kWh,
Electric usage,2022-02-13,01:00,01:14,0.35,kWh,
Electric usage,2022-02-13,01:15,01:29,0.24,kWh,
Electric usage,2022-02-13,01:30,01:44,0.30,kWh,
Electric usage,2022-02-13,01:45,01:59,0.28,kWh,
Electric usage,2022-02-13,02:00,02:14,0.33,kWh,
Electric usage,2022-02-13,02:15,02:29,0.24,kWh,
Electric usage,2022-02-13,02:30,02:44,0.29,kWh,
Electric usage,2022-02-13,02:45,02:59,0.28,kWh,
Electric usage,2022-02-13,03:00,03:14,0.35,kWh,
Electric usage,2022-02-13,03:15,03:29,0.27,kWh,
Electric usage,2022-02-13,03:30,03:44,0.21,kWh,
Electric usage,2022-02-13,03:45,03:59,0.17,kWh,
Electric usage,2022-02-13,04:00,04:14,0.23,kWh,
Electric usage,2022-02-13,04:15,04:29,0.13,kWh,
Electric usage,2022-02-13,04:30,04:44,0.62,kWh,
Electric usage,2022-02-13,04:45,04:59,0.72,kWh,
Electric usage,2022-02-13,05:00,05:14,0.79,kWh,
Electric usage,2022-02-13,05:15,05:29,0.67,kWh,
Electric usage,2022-02-13,05:30,05:44,1.05,kWh,
Electric usage,2022-02-13,05:45,05:59,1.12,kWh,
Electric usage,2022-02-13,06:00,06:14,1.18,kWh,
Electric usage,2022-02-13,06:15,06:29,1.09,kWh,
Electric usage,2022-02-13,06:30,06:44,0.43,kWh,
Electric usage,2022-02-13,06:45,06:59,0.26,kWh,
Electric usage,2022-02-13,07:00,07:14,0.32,kWh,
Electric usage,2022-02-13,07:15,07:29,0.26,kWh,
Electric usage,2022-02-13,07:30,07:44,0.26,kWh,
Electric usage,2022-02-13,07:45,07:59,0.40,kWh,
Electric usage,2022-02-13,08:00,08:14,0.40,kWh,
Electric usage,2022-02-13,08:15,08:29,0.36,kWh,
Electric usage,2022-02-13,08:30,08:44,0.33,kWh,
Electric usage,2022-02-13,08:45,08:59,0.32,kWh,
Electric usage,2022-02-13,09:00,09:14,0.33,kWh,
Electric usage,2022-02-13,09:15,09:29,0.39,kWh,
Electric usage,2022-02-13,09:30,09:44,0.32,kWh,
Electric usage,2022-02-13,09:45,09:59,0.36,kWh,
Electric usage,2022-02-13,10:00,10:14,0.46,kWh,
Electric usage,2022-02-13,10:15,10:29,0.40,kWh,
Electric usage,2022-02-13,10:30,10:44,0.32,kWh,
Electric usage,2022-02-13,10:45,10:59,0.43,kWh,
Electric usage,2022-02-13,11:00,11:14,0.36,kWh,
Electric usage,2022-02-13,11:15,11:29,0.38,kWh,
Electric usage,2022-02-13,11:30,11:44,0.35,kWh,
Electric usage,2022-02-13,11:45,11:59,0.58,kWh,
Electric usage,2022-02-13,12:00,12:14,0.67,kWh,
Electric usage,2022-02-13,12:15,12:29,0.51,kWh,
Electric usage,2022-02-13,12:30,12:44,0.40,kWh,
Electric usage,2022-02-13,12:45,12:59,0.35,kWh,
Electric usage,2022-02-13,13:00,13:14,0.33,kWh,
Electric usage,2022-02-13,13:15,13:29,0.47,kWh,
Electric usage,2022-02-13,13:30,13:44,0.60,kWh,
Electric usage,2022-02-13,13:45,13:59,0.57,kWh,
Electric usage,2022-02-13,14:00,14:14,0.48,kWh,
Electric usage,2022-02-13,14:15,14:29,0.41,kWh,
Electric usage,2022-02-13,14:30,14:44,0.38,kWh,
Electric usage,2022-02-13,14:45,14:59,0.36,kWh,
Electric usage,2022-02-13,15:00,15:14,0.30,kWh,
Electric usage,2022-02-13,15:15,15:29,0.30,kWh,
Electric usage,2022-02-13,15:30,15:44,0.22,kWh,
Electric usage,2022-02-13,15:45,15:59,0.31,kWh,
Electric usage,2022-02-13,16:00,16:14,0.29,kWh,
Electric usage,2022-02-13,16:15,16:29,0.29,kWh,
Electric usage,2022-02-13,16:30,16:44,0.26,kWh,
Electric usage,2022-02-13,16:45,16:59,0.40,kWh,
Electric usage,2022-02-13,17:00,17:14,0.25,kWh,
Electric usage,2022-02-13,17:15,17:29,0.38,kWh,
Electric usage,2022-02-13,17:30,17:44,0.38,kWh,
Electric usage,2022-02-13,17:45,17:59,1.14,kWh,
Electric usage,2022-02-13,18:00,18:14,1.09,kWh,
Electric usage,2022-02-13,18:15,18:29,0.41,kWh,
Electric usage,2022-02-13,18:30,18:44,0.25,kWh,
Electric usage,2022-02-13,18:45,18:59,0.36,kWh,
Electric usage,2022-02-13,19:00,19:14,0.34,kWh,
Electric usage,2022-02-13,19:15,19:29,0.50,kWh,
Electric usage,2022-02-13,19:30,19:44,0.59,kWh,
Electric usage,2022-02-13,19:45,19:59,0.76,kWh,
Electric usage,2022-02-13,20:00,20:14,0.74,kWh,
Electric usage,2022-02-13,20:15,20:29,0.76,kWh,
Electric usage,2022-02-13,20:30,20:44,0.68,kWh,
Electric usage,2022-02-13,20:45,20:59,0.83,kWh,
Electric usage,2022-02-13,21:00,21:14,0.48,kWh,
Electric usage,2022-02-13,21:15,21:29,0.39,kWh,
Electric usage,2022-02-13,21:30,21:44,0.44,kWh,
Electric usage,2022-02-13,21:45,21:59,0.38,kWh,
Electric usage,2022-02-13,22:00,22:14,0.36,kWh,
Electric usage,2022-02-13,22:15,22:29,0.36,kWh,
Electric usage,2022-02-13,22:30,22:44,0.36,kWh,
Electric usage,2022-02-13,22:45,22:59,0.32,kWh,
Electric usage,2022-02-13,23:00,23:14,0.34,kWh,
Electric usage,2022-02-13,23:15,23:29,0.33,kWh,
Electric usage,2022-02-13,23:30,23:44,0.35,kWh,
Electric usage,2022-02-13,23:45,23:59,0.33,kWh,
Electric usage,2022-02-14,00:00,00:14,0.33,kWh,
Electric usage,2022-02-14,00:15,00:29,0.38,kWh,
Electric usage,2022-02-14,00:30,00:44,0.38,kWh,
Electric usage,2022-02-14,00:45,00:59,0.37,kWh,
Electric usage,2022-02-14,01:00,01:14,0.33,kWh,
Electric usage,2022-02-14,01:15,01:29,0.33,kWh,
Electric usage,2022-02-14,01:30,01:44,0.32,kWh,
Electric usage,2022-02-14,01:45,01:59,0.33,kWh,
Electric usage,2022-02-14,02:00,02:14,0.31,kWh,
Electric usage,2022-02-14,02:15,02:29,0.33,kWh,
Electric usage,2022-02-14,02:30,02:44,0.33,kWh,
Electric usage,2022-02-14,02:45,02:59,0.35,kWh,
Electric usage,2022-02-14,03:00,03:14,0.39,kWh,
Electric usage,2022-02-14,03:15,03:29,0.33,kWh,
Electric usage,2022-02-14,03:30,03:44,0.26,kWh,
Electric usage,2022-02-14,03:45,03:59,0.26,kWh,
Electric usage,2022-02-14,04:00,04:14,0.24,kWh,
Electric usage,2022-02-14,04:15,04:29,0.23,kWh,
Electric usage,2022-02-14,04:30,04:44,0.71,kWh,
Electric usage,2022-02-14,04:45,04:59,0.77,kWh,
Electric usage,2022-02-14,05:00,05:14,0.75,kWh,
Electric usage,2022-02-14,05:15,05:29,0.73,kWh,
Electric usage,2022-02-14,05:30,05:44,1.10,kWh,
Electric usage,2022-02-14,05:45,05:59,1.16,kWh,
Electric usage,2022-02-14,06:00,06:14,1.17,kWh,
Electric usage,2022-02-14,06:15,06:29,1.21,kWh,
Electric usage,2022-02-14,06:30,06:44,0.48,kWh,
Electric usage,2022-02-14,06:45,06:59,0.34,kWh,
Electric usage,2022-02-14,07:00,07:14,0.35,kWh,
Electric usage,2022-02-14,07:15,07:29,0.36,kWh,
Electric usage,2022-02-14,07:30,07:44,0.33,kWh,
Electric usage,2022-02-14,07:45,07:59,0.34,kWh,
Electric usage,2022-02-14,08:00,08:14,0.42,kWh,
Electric usage,2022-02-14,08:15,08:29,0.33,kWh,
Electric usage,2022-02-14,08:30,08:44,0.32,kWh,
Electric usage,2022-02-14,08:45,08:59,0.41,kWh,
Electric usage,2022-02-14,09:00,09:14,0.27,kWh,
Electric usage,2022-02-14,09:15,09:29,0.25,kWh,
Electric usage,2022-02-14,09:30,09:44,0.27,kWh,
Electric usage,2022-02-14,09:45,09:59,0.24,kWh,
Electric usage,2022-02-14,10:00,10:14,0.29,kWh,
Electric usage,2022-02-14,10:15,10:29,0.31,kWh,
Electric usage,2022-02-14,10:30,10:44,0.29,kWh,
Electric usage,2022-02-14,10:45,10:59,0.25,kWh,
Electric usage,2022-02-14,11:00,11:14,0.27,kWh,
Electric usage,2022-02-14,11:15,11:29,0.27,kWh,
Electric usage,2022-02-14,11:30,11:44,0.29,kWh,
Electric usage,2022-02-14,11:45,11:59,0.23,kWh,
Electric usage,2022-02-14,12:00,12:14,0.27,kWh,
Electric usage,2022-02-14,12:15,12:29,0.31,kWh,
Electric usage,2022-02-14,12:30,12:44,0.32,kWh,
Electric usage,2022-02-14,12:45,12:59,0.26,kWh,
Electric usage,2022-02-14,13:00,13:14,0.29,kWh,
Electric usage,2022-02-14,13:15,13:29,0.26,kWh,
Electric usage,2022-02-14,13:30,13:44,0.29,kWh,
Electric usage,2022-02-14,13:45,13:59,0.30,kWh,
Electric usage,2022-02-14,14:00,14:14,0.29,kWh,
Electric usage,2022-02-14,14:15,14:29,0.30,kWh,
Electric usage,2022-02-14,14:30,14:44,0.30,kWh,
Electric usage,2022-02-14,14:45,14:59,0.29,kWh,
Electric usage,2022-02-14,15:00,15:14,0.23,kWh,
Electric usage,2022-02-14,15:15,15:29,0.30,kWh,
Electric usage,2022-02-14,15:30,15:44,0.24,kWh,
Electric usage,2022-02-14,15:45,15:59,0.25,kWh,
Electric usage,2022-02-14,16:00,16:14,0.27,kWh,
Electric usage,2022-02-14,16:15,16:29,0.22,kWh,
Electric usage,2022-02-14,16:30,16:44,0.48,kWh,
Electric usage,2022-02-14,16:45,16:59,0.45,kWh,
Electric usage,2022-02-14,17:00,17:14,0.28,kWh,
Electric usage,2022-02-14,17:15,17:29,0.21,kWh,
Electric usage,2022-02-14,17:30,17:44,0.44,kWh,
Electric usage,2022-02-14,17:45,17:59,1.07,kWh,
Electric usage,2022-02-14,18:00,18:14,1.10,kWh,
Electric usage,2022-02-14,18:15,18:29,0.34,kWh,
Electric usage,2022-02-14,18:30,18:44,0.27,kWh,
Electric usage,2022-02-14,18:45,18:59,0.24,kWh,
Electric usage,2022-02-14,19:00,19:14,0.28,kWh,
Electric usage,2022-02-14,19:15,19:29,0.21,kWh,
Electric usage,2022-02-14,19:30,19:44,0.58,kWh,
Electric usage,2022-02-14,19:45,19:59,0.66,kWh,
Electric usage,2022-02-14,20:00,20:14,0.82,kWh,
Electric usage,2022-02-14,20:15,20:29,0.67,kWh,
Electric usage,2022-02-14,20:30,20:44,0.68,kWh,
Electric usage,2022-02-14,20:45,20:59,0.66,kWh,
Electric usage,2022-02-14,21:00,21:14,0.34,kWh,
Electric usage,2022-02-14,21:15,21:29,0.22,kWh,
Electric usage,2022-02-14,21:30,21:44,0.24,kWh,
Electric usage,2022-02-14,21:45,21:59,0.23,kWh,
Electric usage,2022-02-14,22:00,22:14,0.29,kWh,
Electric usage,2022-02-14,22:15,22:29,0.25,kWh,
Electric usage,2022-02-14,22:30,22:44,0.27,kWh,
Electric usage,2022-02-14,22:45,22:59,0.29,kWh,
Electric usage,2022-02-14,23:00,23:14,0.33,kWh,
Electric usage,2022-02-14,23:15,23:29,0.35,kWh,
Electric usage,2022-02-14,23:30,23:44,0.31,kWh,
Electric usage,2022-02-14,23:45,23:59,0.36,kWh,
Electric usage,2022-02-15,00:00,00:14,0.31,kWh,
Electric usage,2022-02-15,00:15,00:29,0.28,kWh,
Electric usage,2022-02-15,00:30,00:44,0.27,kWh,
Electric usage,2022-02-15,00:45,00:59,0.30,kWh,
Electric usage,2022-02-15,01:00,01:14,0.23,kWh,
Electric usage,2022-02-15,01:15,01:29,0.27,kWh,
Electric usage,2022-02-15,01:30,01:44,0.25,kWh,
Electric usage,2022-02-15,01:45,01:59,0.27,kWh,
Electric usage,2022-02-15,02:00,02:14,0.23,kWh,
Electric usage,2022-02-15,02:15,02:29,0.28,kWh,
Electric usage,2022-02-15,02:30,02:44,0.24,kWh,
Electric usage,2022-02-15,02:45,02:59,0.28,kWh,
Electric usage,2022-02-15,03:00,03:14,0.27,kWh,
Electric usage,2022-02-15,03:15,03:29,0.25,kWh,
Electric usage,2022-02-15,03:30,03:44,0.05,kWh,
Electric usage,2022-02-15,03:45,03:59,0.12,kWh,
Electric usage,2022-02-15,04:00,04:14,0.11,kWh,
Electric usage,2022-02-15,04:15,04:29,0.13,kWh,
Electric usage,2022-02-15,04:30,04:44,0.50,kWh,
Electric usage,2022-02-15,04:45,04:59,0.68,kWh,
Electric usage,2022-02-15,05:00,05:14,0.63,kWh,
Electric usage,2022-02-15,05:15,05:29,0.71,kWh,
Electric usage,2022-02-15,05:30,05:44,1.02,kWh,
Electric usage,2022-02-15,05:45,05:59,1.09,kWh,
Electric usage,2022-02-15,06:00,06:14,1.03,kWh,
Electric usage,2022-02-15,06:15,06:29,1.04,kWh,
Electric usage,2022-02-15,06:30,06:44,0.32,kWh,
Electric usage,2022-02-15,06:45,06:59,0.28,kWh,
Electric usage,2022-02-15,07:00,07:14,0.23,kWh,
Electric usage,2022-02-15,07:15,07:29,0.26,kWh,
Electric usage,2022-02-15,07:30,07:44,0.22,kWh,
Electric usage,2022-02-15,07:45,07:59,0.34,kWh,
Electric usage,2022-02-15,08:00,08:14,0.33,kWh,
Electric usage,2022-02-15,08:15,08:29,0.27,kWh,
Electric usage,2022-02-15,08:30,08:44,0.26,kWh,
Electric usage,2022-02-15,08:45,08:59,0.24,kWh,
Electric usage,2022-02-15,09:00,09:14,0.42,kWh,
Electric usage,2022-02-15,09:15,09:29,0.28,kWh,
Electric usage,2022-02-15,09:30,09:44,0.22,kWh,
Electric usage,2022-02-15,09:45,09:59,0.23,kWh,
Electric usage,2022-02-15,10:00,10:14,0.27,kWh,
Electric usage,2022-02-15,10:15,10:29,0.27,kWh,
Electric usage,2022-02-15,10:30,10:44,0.31,kWh,
Electric usage,2022-02-15,10:45,10:59,0.40,kWh,
Electric usage,2022-02-15,11:00,11:14,0.36,kWh,
Electric usage,2022-02-15,11:15,11:29,0.39,kWh,
Electric usage,2022-02-15,11:30,11:44,0.36,kWh,
Electric usage,2022-02-15,11:45,11:59,0.23,kWh,
Electric usage,2022-02-15,12:00,12:14,0.29,kWh,
Electric usage,2022-02-15,12:15,12:29,0.30,kWh,
Electric usage,2022-02-15,12:30,12:44,0.22,kWh,
Electric usage,2022-02-15,12:45,12:59,0.40,kWh,
Electric usage,2022-02-15,13:00,13:14,0.35,kWh,
Electric usage,2022-02-15,13:15,13:29,0.64,kWh,
Electric usage,2022-02-15,13:30,13:44,0.57,kWh,
Electric usage,2022-02-15,13:45,13:59,0.72,kWh,
Electric usage,2022-02-15,14:00,14:14,0.65,kWh,
Electric usage,2022-02-15,14:15,14:29,0.68,kWh,
Electric usage,2022-02-15,14:30,14:44,0.59,kWh,
Electric usage,2022-02-15,14:45,14:59,0.65,kWh,
Electric usage,2022-02-15,15:00,15:14,0.64,kWh,
Electric usage,2022-02-15,15:15,15:29,0.69,kWh,
Electric usage,2022-02-15,15:30,15:44,0.53,kWh,
Electric usage,2022-02-15,15:45,15:59,0.35,kWh,
Electric usage,2022-02-15,16:00,16:14,0.29,kWh,
Electric usage,2022-02-15,16:15,16:29,0.39,kWh,
Electric usage,2022-02-15,16:30,16:44,0.29,kWh,
Electric usage,2022-02-15,16:45,16:59,0.30,kWh,
Electric usage,2022-02-15,17:00,17:14,0.30,kWh,
Electric usage,2022-02-15,17:15,17:29,0.26,kWh,
Electric usage,2022-02-15,17:30,17:44,0.43,kWh,
Electric usage,2022-02-15,17:45,17:59,1.17,kWh,
Electric usage,2022-02-15,18:00,18:14,1.15,kWh,
Electric usage,2022-02-15,18:15,18:29,0.47,kWh,
Electric usage,2022-02-15,18:30,18:44,0.37,kWh,
Electric usage,2022-02-15,18:45,18:59,0.38,kWh,
Electric usage,2022-02-15,19:00,19:14,0.61,kWh,
Electric usage,2022-02-15,19:15,19:29,0.60,kWh,
Electric usage,2022-02-15,19:30,19:44,0.66,kWh,
Electric usage,2022-02-15,19:45,19:59,0.81,kWh,
Electric usage,2022-02-15,20:00,20:14,0.81,kWh,
Electric usage,2022-02-15,20:15,20:29,0.75,kWh,
Electric usage,2022-02-15,20:30,20:44,0.82,kWh,
Electric usage,2022-02-15,20:45,20:59,0.82,kWh,
Electric usage,2022-02-15,21:00,21:14,0.42,kWh,
Electric usage,2022-02-15,21:15,21:29,0.33,kWh,
Electric usage,2022-02-15,21:30,21:44,0.35,kWh,
Electric usage,2022-02-15,21:45,21:59,0.37,kWh,
Electric usage,2022-02-15,22:00,22:14,0.43,kWh,
Electric usage,2022-02-15,22:15,22:29,0.33,kWh,
Electric usage,2022-02-15,22:30,22:44,0.26,kWh,
Electric usage,2022-02-15,22:45,22:59,0.34,kWh,
Electric usage,2022-02-15,23:00,23:14,0.27,kWh,
Electric usage,2022-02-15,23:15,23:29,0.31,kWh,
Electric usage,2022-02-15,23:30,23:44,0.28,kWh,
Electric usage,2022-02-15,23:45,23:59,0.34,kWh,
Electric usage,2022-02-16,00:00,00:14,0.31,kWh,
Electric usage,2022-02-16,00:15,00:29,0.33,kWh,
Electric usage,2022-02-16,00:30,00:44,0.33,kWh,
Electric usage,2022-02-16,00:45,00:59,0.31,kWh,
Electric usage,2022-02-16,01:00,01:14,0.31,kWh,
Electric usage,2022-02-16,01:15,01:29,0.32,kWh,
Electric usage,2022-02-16,01:30,01:44,0.31,kWh,
Electric usage,2022-02-16,01:45,01:59,0.32,kWh,
Electric usage,2022-02-16,02:00,02:14,0.31,kWh,
Electric usage,2022-02-16,02:15,02:29,0.32,kWh,
Electric usage,2022-02-16,02:30,02:44,0.34,kWh,
Electric usage,2022-02-16,02:45,02:59,0.33,kWh,
Electric usage,2022-02-16,03:00,03:14,0.32,kWh,
Electric usage,2022-02-16,03:15,03:29,0.31,kWh,
Electric usage,2022-02-16,03:30,03:44,0.24,kWh,
Electric usage,2022-02-16,03:45,03:59,0.20,kWh,
Electric usage,2022-02-16,04:00,04:14,0.22,kWh,
Electric usage,2022-02-16,04:15,04:29,0.21,kWh,
Electric usage,2022-02-16,04:30,04:44,0.66,kWh,
Electric usage,2022-02-16,04:45,04:59,0.75,kWh,
Electric usage,2022-02-16,05:00,05:14,0.74,kWh,
Electric usage,2022-02-16,05:15,05:29,0.73,kWh,
Electric usage,2022-02-16,05:30,05:44,1.08,kWh,
Electric usage,2022-02-16,05:45,05:59,1.16,kWh,
Electric usage,2022-02-16,06:00,06:14,1.14,kWh,
Electric usage,2022-02-16,06:15,06:29,1.15,kWh,
Electric usage,2022-02-16,06:30,06:44,0.43,kWh,
Electric usage,2022-02-16,06:45,06:59,0.33,kWh,
Electric usage,2022-02-16,07:00,07:14,0.37,kWh,
Electric usage,2022-02-16,07:15,07:29,0.33,kWh,
Electric usage,2022-02-16,07:30,07:44,0.34,kWh,
Electric usage,2022-02-16,07:45,07:59,0.33,kWh,
Electric usage,2022-02-16,08:00,08:14,0.39,kWh,
Electric usage,2022-02-16,08:15,08:29,0.31,kWh,
Electric usage,2022-02-16,08:30,08:44,0.41,kWh,
Electric usage,2022-02-16,08:45,08:59,0.62,kWh,
Electric usage,2022-02-16,09:00,09:14,0.57,kWh,
Electric usage,2022-02-16,09:15,09:29,0.35,kWh,
Electric usage,2022-02-16,09:30,09:44,0.36,kWh,
Electric usage,2022-02-16,09:45,09:59,0.35,kWh,
Electric usage,2022-02-16,10:00,10:14,0.31,kWh,
Electric usage,2022-02-16,10:15,10:29,0.31,kWh,
Electric usage,2022-02-16,10:30,10:44,0.34,kWh,
Electric usage,2022-02-16,10:45,10:59,0.39,kWh,
Electric usage,2022-02-16,11:00,11:14,0.40,kWh,
Electric usage,2022-02-16,11:15,11:29,0.44,kWh,
Electric usage,2022-02-16,11:30,11:44,0.40,kWh,
Electric usage,2022-02-16,11:45,11:59,0.41,kWh,
Electric usage,2022-02-16,12:00,12:14,0.43,kWh,
Electric usage,2022-02-16,12:15,12:29,0.40,kWh,
Electric usage,2022-02-16,12:30,12:44,0.38,kWh,
Electric usage,2022-02-16,12:45,12:59,0.38,kWh,
Electric usage,2022-02-16,13:00,13:14,0.30,kWh,
Electric usage,2022-02-16,13:15,13:29,0.34,kWh,
Electric usage,2022-02-16,13:30,13:44,0.32,kWh,
Electric usage,2022-02-16,13:45,13:59,0.30,kWh,
Electric usage,2022-02-16,14:00,14:14,0.31,kWh,
Electric usage,2022-02-16,14:15,14:29,0.23,kWh,
Electric usage,2022-02-16,14:30,14:44,0.31,kWh,
Electric usage,2022-02-16,14:45,14:59,0.31,kWh,
Electric usage,2022-02-16,15:00,15:14,0.34,kWh,
Electric usage,2022-02-16,15:15,15:29,0.40,kWh,
Electric usage,2022-02-16,15:30,15:44,0.35,kWh,
Electric usage,2022-02-16,15:45,15:59,0.32,kWh,
Electric usage,2022-02-16,16:00,16:14,0.32,kWh,
Electric usage,2022-02-16,16:15,16:29,0.32,kWh,
Electric usage,2022-02-16,16:30,16:44,0.32,kWh,
Electric usage,2022-02-16,16:45,16:59,0.30,kWh,
Electric usage,2022-02-16,17:00,17:14,0.31,kWh,
Electric usage,2022-02-16,17:15,17:29,0.34,kWh,
Electric usage,2022-02-16,17:30,17:44,0.51,kWh,
Electric usage,2022-02-16,17:45,17:59,1.20,kWh,
Electric usage,2022-02-16,18:00,18:14,1.19,kWh,
Electric usage,2022-02-16,18:15,18:29,0.50,kWh,
Electric usage,2022-02-16,18:30,18:44,0.41,kWh,
Electric usage,2022-02-16,18:45,18:59,0.40,kWh,
Electric usage,2022-02-16,19:00,19:14,0.43,kWh,
Electric usage,2022-02-16,19:15,19:29,0.42,kWh,
Electric usage,2022-02-16,19:30,19:44,0.69,kWh,
Electric usage,2022-02-16,19:45,19:59,0.77,kWh,
Electric usage,2022-02-16,20:00,20:14,0.76,kWh,
Electric usage,2022-02-16,20:15,20:29,0.75,kWh,
Electric usage,2022-02-16,20:30,20:44,0.79,kWh,
Electric usage,2022-02-16,20:45,20:59,0.78,kWh,
Electric usage,2022-02-16,21:00,21:14,0.40,kWh,
Electric usage,2022-02-16,21:15,21:29,0.36,kWh,
Electric usage,2022-02-16,21:30,21:44,0.37,kWh,
Electric usage,2022-02-16,21:45,21:59,0.36,kWh,
Electric usage,2022-02-16,22:00,22:14,0.36,kWh,
Electric usage,2022-02-16,22:15,22:29,0.33,kWh,
Electric usage,2022-02-16,22:30,22:44,0.35,kWh,
Electric usage,2022-02-16,22:45,22:59,0.37,kWh,
Electric usage,2022-02-16,23:00,23:14,0.91,kWh,
Electric usage,2022-02-16,23:15,23:29,0.36,kWh,
Electric usage,2022-02-16,23:30,23:44,0.33,kWh,
Electric usage,2022-02-16,23:45,23:59,0.34,kWh,
Electric usage,2022-02-17,00:00,00:14,0.31,kWh,
Electric usage,2022-02-17,00:15,00:29,0.31,kWh,
Electric usage,2022-02-17,00:30,00:44,0.32,kWh,
Electric usage,2022-02-17,00:45,00:59,0.30,kWh,
Electric usage,2022-02-17,01:00,01:14,0.32,kWh,
Electric usage,2022-02-17,01:15,01:29,0.31,kWh,
Electric usage,2022-02-17,01:30,01:44,0.31,kWh,
Electric usage,2022-02-17,01:45,01:59,0.35,kWh,
Electric usage,2022-02-17,02:00,02:14,0.32,kWh,
Electric usage,2022-02-17,02:15,02:29,0.31,kWh,
Electric usage,2022-02-17,02:30,02:44,0.31,kWh,
Electric usage,2022-02-17,02:45,02:59,0.31,kWh,
Electric usage,2022-02-17,03:00,03:14,0.31,kWh,
Electric usage,2022-02-17,03:15,03:29,0.30,kWh,
Electric usage,2022-02-17,03:30,03:44,0.23,kWh,
Electric usage,2022-02-17,03:45,03:59,0.22,kWh,
Electric usage,2022-02-17,04:00,04:14,0.23,kWh,
Electric usage,2022-02-17,04:15,04:29,0.21,kWh,
Electric usage,2022-02-17,04:30,04:44,0.63,kWh,
Electric usage,2022-02-17,04:45,04:59,0.73,kWh,
Electric usage,2022-02-17,05:00,05:14,0.72,kWh,
Electric usage,2022-02-17,05:15,05:29,0.72,kWh,
Electric usage,2022-02-17,05:30,05:44,1.08,kWh,
Electric usage,2022-02-17,05:45,05:59,1.15,kWh,
Electric usage,2022-02-17,06:00,06:14,1.17,kWh,
Electric usage,2022-02-17,06:15,06:29,1.14,kWh,
Electric usage,2022-02-17,06:30,06:44,0.69,kWh,
Electric usage,2022-02-17,06:45,06:59,0.57,kWh,
Electric usage,2022-02-17,07:00,07:14,0.60,kWh,
Electric usage,2022-02-17,07:15,07:29,0.66,kWh,
Electric usage,2022-02-17,07:30,07:44,0.67,kWh,
Electric usage,2022-02-17,07:45,07:59,0.76,kWh,
Electric usage,2022-02-17,08:00,08:14,0.63,kWh,
Electric usage,2022-02-17,08:15,08:29,0.65,kWh,
Electric usage,2022-02-17,08:30,08:44,0.64,kWh,
Electric usage,2022-02-17,08:45,08:59,0.73,kWh,
Electric usage,2022-02-17,09:00,09:14,0.32,kWh,
Electric usage,2022-02-17,09:15,09:29,0.54,kWh,
Electric usage,2022-02-17,09:30,09:44,0.57,kWh,
Electric usage,2022-02-17,09:45,09:59,0.48,kWh,
Electric usage,2022-02-17,10:00,10:14,0.39,kWh,
Electric usage,2022-02-17,10:15,10:29,0.60,kWh,
Electric usage,2022-02-17,10:30,10:44,0.34,kWh,
Electric usage,2022-02-17,10:45,10:59,0.57,kWh,
Electric usage,2022-02-17,11:00,11:14,0.73,kWh,
Electric usage,2022-02-17,11:15,11:29,0.36,kWh,
Electric usage,2022-02-17,11:30,11:44,0.73,kWh,
Electric usage,2022-02-17,11:45,11:59,0.39,kWh,
Electric usage,2022-02-17,12:00,12:14,0.60,kWh,
Electric usage,2022-02-17,12:15,12:29,0.39,kWh,
Electric usage,2022-02-17,12:30,12:44,0.42,kWh,
Electric usage,2022-02-17,12:45,12:59,0.73,kWh,
Electric usage,2022-02-17,13:00,13:14,0.32,kWh,
Electric usage,2022-02-17,13:15,13:29,0.50,kWh,
Electric usage,2022-02-17,13:30,13:44,0.28,kWh,
Electric usage,2022-02-17,13:45,13:59,0.42,kWh,
Electric usage,2022-02-17,14:00,14:14,0.37,kWh,
Electric usage,2022-02-17,14:15,14:29,0.31,kWh,
Electric usage,2022-02-17,14:30,14:44,0.34,kWh,
Electric usage,2022-02-17,14:45,14:59,0.40,kWh,
Electric usage,2022-02-17,15:00,15:14,0.28,kWh,
Electric usage,2022-02-17,15:15,15:29,0.30,kWh,
Electric usage,2022-02-17,15:30,15:44,0.26,kWh,
Electric usage,2022-02-17,15:45,15:59,0.33,kWh,
Electric usage,2022-02-17,16:00,16:14,0.30,kWh,
Electric usage,2022-02-17,16:15,16:29,0.35,kWh,
Electric usage,2022-02-17,16:30,16:44,0.28,kWh,
Electric usage,2022-02-17,16:45,16:59,0.41,kWh,
Electric usage,2022-02-17,17:00,17:14,0.32,kWh,
Electric usage,2022-02-17,17:15,17:29,0.34,kWh,
Electric usage,2022-02-17,17:30,17:44,0.45,kWh,
Electric usage,2022-02-17,17:45,17:59,1.20,kWh,
Electric usage,2022-02-17,18:00,18:14,1.17,kWh,
Electric usage,2022-02-17,18:15,18:29,0.45,kWh,
Electric usage,2022-02-17,18:30,18:44,0.31,kWh,
Electric usage,2022-02-17,18:45,18:59,0.39,kWh,
Electric usage,2022-02-17,19:00,19:14,0.32,kWh,
Electric usage,2022-02-17,19:15,19:29,0.37,kWh,
Electric usage,2022-02-17,19:30,19:44,0.59,kWh,
Electric usage,2022-02-17,19:45,19:59,0.77,kWh,
Electric usage,2022-02-17,20:00,20:14,0.73,kWh,
Electric usage,2022-02-17,20:15,20:29,0.75,kWh,
Electric usage,2022-02-17,20:30,20:44,0.73,kWh,
Electric usage,2022-02-17,20:45,20:59,0.77,kWh,
Electric usage,2022-02-17,21:00,21:14,0.41,kWh,
Electric usage,2022-02-17,21:15,21:29,0.34,kWh,
Electric usage,2022-02-17,21:30,21:44,0.32,kWh,
Electric usage,2022-02-17,21:45,21:59,0.39,kWh,
Electric usage,2022-02-17,22:00,22:14,0.41,kWh,
Electric usage,2022-02-17,22:15,22:29,0.37,kWh,
Electric usage,2022-02-17,22:30,22:44,0.34,kWh,
Electric usage,2022-02-17,22:45,22:59,0.36,kWh,
Electric usage,2022-02-17,23:00,23:14,0.34,kWh,
Electric usage,2022-02-17,23:15,23:29,0.33,kWh,
Electric usage,2022-02-17,23:30,23:44,0.33,kWh,
Electric usage,2022-02-17,23:45,23:59,0.27,kWh,
Electric usage,2022-02-18,00:00,00:14,0.38,kWh,
Electric usage,2022-02-18,00:15,00:29,0.32,kWh,
Electric usage,2022-02-18,00:30,00:44,0.31,kWh,
Electric usage,2022-02-18,00:45,00:59,0.31,kWh,
Electric usage,2022-02-18,01:00,01:14,0.32,kWh,
Electric usage,2022-02-18,01:15,01:29,0.32,kWh,
Electric usage,2022-02-18,01:30,01:44,0.30,kWh,
Electric usage,2022-02-18,01:45,01:59,0.28,kWh,
Electric usage,2022-02-18,02:00,02:14,0.32,kWh,
Electric usage,2022-02-18,02:15,02:29,0.32,kWh,
Electric usage,2022-02-18,02:30,02:44,0.31,kWh,
Electric usage,2022-02-18,02:45,02:59,0.30,kWh,
Electric usage,2022-02-18,03:00,03:14,0.31,kWh,
Electric usage,2022-02-18,03:15,03:29,0.29,kWh,
Electric usage,2022-02-18,03:30,03:44,0.20,kWh,
Electric usage,2022-02-18,03:45,03:59,0.20,kWh,
Electric usage,2022-02-18,04:00,04:14,0.21,kWh,
Electric usage,2022-02-18,04:15,04:29,0.21,kWh,
Electric usage,2022-02-18,04:30,04:44,0.66,kWh,
Electric usage,2022-02-18,04:45,04:59,0.72,kWh,
Electric usage,2022-02-18,05:00,05:14,0.69,kWh,
Electric usage,2022-02-18,05:15,05:29,0.73,kWh,
Electric usage,2022-02-18,05:30,05:44,1.09,kWh,
Electric usage,2022-02-18,05:45,05:59,1.13,kWh,
Electric usage,2022-02-18,06:00,06:14,1.10,kWh,
Electric usage,2022-02-18,06:15,06:29,1.12,kWh,
Electric usage,2022-02-18,06:30,06:44,0.43,kWh,
Electric usage,2022-02-18,06:45,06:59,0.34,kWh,
Electric usage,2022-02-18,07:00,07:14,0.32,kWh,
Electric usage,2022-02-18,07:15,07:29,0.35,kWh,
Electric usage,2022-02-18,07:30,07:44,0.35,kWh,
Electric usage,2022-02-18,07:45,07:59,0.34,kWh,
Electric usage,2022-02-18,08:00,08:14,0.42,kWh,
Electric usage,2022-02-18,08:15,08:29,0.32,kWh,
Electric usage,2022-02-18,08:30,08:44,0.32,kWh,
Electric usage,2022-02-18,08:45,08:59,0.31,kWh,
Electric usage,2022-02-18,09:00,09:14,0.35,kWh,
Electric usage,2022-02-18,09:15,09:29,0.36,kWh,
Electric usage,2022-02-18,09:30,09:44,0.35,kWh,
Electric usage,2022-02-18,09:45,09:59,0.26,kWh,
Electric usage,2022-02-18,10:00,10:14,0.35,kWh,
Electric usage,2022-02-18,10:15,10:29,0.23,kWh,
Electric usage,2022-02-18,10:30,10:44,0.28,kWh,
Electric usage,2022-02-18,10:45,10:59,0.30,kWh,
Electric usage,2022-02-18,11:00,11:14,0.33,kWh,
Electric usage,2022-02-18,11:15,11:29,0.25,kWh,
Electric usage,2022-02-18,11:30,11:44,0.40,kWh,
Electric usage,2022-02-18,11:45,11:59,0.55,kWh,
Electric usage,2022-02-18,12:00,12:14,0.46,kWh,
Electric usage,2022-02-18,12:15,12:29,0.22,kWh,
Electric usage,2022-02-18,12:30,12:44,0.30,kWh,
Electric usage,2022-02-18,12:45,12:59,0.28,kWh,
Electric usage,2022-02-18,13:00,13:14,0.35,kWh,
Electric usage,2022-02-18,13:15,13:29,0.31,kWh,
Electric usage,2022-02-18,13:30,13:44,0.39,kWh,
Electric usage,2022-02-18,13:45,13:59,0.36,kWh,
Electric usage,2022-02-18,14:00,14:14,0.35,kWh,
Electric usage,2022-02-18,14:15,14:29,0.29,kWh,
Electric usage,2022-02-18,14:30,14:44,0.43,kWh,
Electric usage,2022-02-18,14:45,14:59,0.31,kWh,
Electric usage,2022-02-18,15:00,15:14,0.29,kWh,
Electric usage,2022-02-18,15:15,15:29,0.24,kWh,
Electric usage,2022-02-18,15:30,15:44,0.26,kWh,
Electric usage,2022-02-18,15:45,15:59,0.26,kWh,
Electric usage,2022-02-18,16:00,16:14,0.27,kWh,
Electric usage,2022-02-18,16:15,16:29,0.21,kWh,
Electric usage,2022-02-18,16:30,16:44,0.26,kWh,
Electric usage,2022-02-18,16:45,16:59,0.29,kWh,
Electric usage,2022-02-18,17:00,17:14,0.28,kWh,
Electric usage,2022-02-18,17:15,17:29,0.30,kWh,
Electric usage,2022-02-18,17:30,17:44,0.51,kWh,
Electric usage,2022-02-18,17:45,17:59,1.18,kWh,
Electric usage,2022-02-18,18:00,18:14,1.16,kWh,
Electric usage,2022-02-18,18:15,18:29,0.40,kWh,
Electric usage,2022-02-18,18:30,18:44,0.29,kWh,
Electric usage,2022-02-18,18:45,18:59,0.31,kWh,
Electric usage,2022-02-18,19:00,19:14,0.30,kWh,
Electric usage,2022-02-18,19:15,19:29,0.30,kWh,
Electric usage,2022-02-18,19:30,19:44,0.65,kWh,
Electric usage,2022-02-18,19:45,19:59,0.75,kWh,
Electric usage,2022-02-18,20:00,20:14,0.73,kWh,
Electric usage,2022-02-18,20:15,20:29,0.75,kWh,
Electric usage,2022-02-18,20:30,20:44,0.76,kWh,
Electric usage,2022-02-18,20:45,20:59,0.79,kWh,
Electric usage,2022-02-18,21:00,21:14,0.44,kWh,
Electric usage,2022-02-18,21:15,21:29,0.38,kWh,
Electric usage,2022-02-18,21:30,21:44,0.36,kWh,
Electric usage,2022-02-18,21:45,21:59,0.36,kWh,
Electric usage,2022-02-18,22:00,22:14,0.39,kWh,
Electric usage,2022-02-18,22:15,22:29,0.36,kWh,
Electric usage,2022-02-18,22:30,22:44,0.38,kWh,
Electric usage,2022-02-18,22:45,22:59,0.33,kWh,
Electric usage,2022-02-18,23:00,23:14,0.36,kWh,
Electric usage,2022-02-18,23:15,23:29,0.35,kWh,
Electric usage,2022-02-18,23:30,23:44,0.33,kWh,
Electric usage,2022-02-18,23:45,23:59,0.33,kWh,
Electric usage,2022-02-19,00:00,00:14,0.32,kWh,
Electric usage,2022-02-19,00:15,00:29,0.32,kWh,
Electric usage,2022-02-19,00:30,00:44,0.33,kWh,
Electric usage,2022-02-19,00:45,00:59,0.35,kWh,
Electric usage,2022-02-19,01:00,01:14,0.36,kWh,
Electric usage,2022-02-19,01:15,01:29,0.40,kWh,
Electric usage,2022-02-19,01:30,01:44,0.38,kWh,
Electric usage,2022-02-19,01:45,01:59,0.35,kWh,
Electric usage,2022-02-19,02:00,02:14,0.32,kWh,
Electric usage,2022-02-19,02:15,02:29,0.34,kWh,
Electric usage,2022-02-19,02:30,02:44,0.34,kWh,
Electric usage,2022-02-19,02:45,02:59,0.33,kWh,
Electric usage,2022-02-19,03:00,03:14,0.34,kWh,
Electric usage,2022-02-19,03:15,03:29,0.34,kWh,
Electric usage,2022-02-19,03:30,03:44,0.27,kWh,
Electric usage,2022-02-19,03:45,03:59,0.24,kWh,
Electric usage,2022-02-19,04:00,04:14,0.23,kWh,
Electric usage,2022-02-19,04:15,04:29,0.22,kWh,
Electric usage,2022-02-19,04:30,04:44,0.66,kWh,
Electric usage,2022-02-19,04:45,04:59,0.74,kWh,
Electric usage,2022-02-19,05:00,05:14,0.74,kWh,
Electric usage,2022-02-19,05:15,05:29,0.75,kWh,
Electric usage,2022-02-19,05:30,05:44,1.09,kWh,
Electric usage,2022-02-19,05:45,05:59,1.19,kWh,
Electric usage,2022-02-19,06:00,06:14,1.15,kWh,
Electric usage,2022-02-19,06:15,06:29,1.09,kWh,
Electric usage,2022-02-19,06:30,06:44,0.39,kWh,
Electric usage,2022-02-19,06:45,06:59,0.34,kWh,
Electric usage,2022-02-19,07:00,07:14,0.27,kWh,
Electric usage,2022-02-19,07:15,07:29,0.32,kWh,
Electric usage,2022-02-19,07:30,07:44,0.25,kWh,
Electric usage,2022-02-19,07:45,07:59,0.41,kWh,
Electric usage,2022-02-19,08:00,08:14,0.30,kWh,
Electric usage,2022-02-19,08:15,08:29,0.33,kWh,
Electric usage,2022-02-19,08:30,08:44,0.23,kWh,
Electric usage,2022-02-19,08:45,08:59,0.33,kWh,
Electric usage,2022-02-19,09:00,09:14,0.34,kWh,
Electric usage,2022-02-19,09:15,09:29,0.36,kWh,
Electric usage,2022-02-19,09:30,09:44,0.29,kWh,
Electric usage,2022-02-19,09:45,09:59,0.37,kWh,
Electric usage,2022-02-19,10:00,10:14,0.30,kWh,
Electric usage,2022-02-19,10:15,10:29,0.36,kWh,
Electric usage,2022-02-19,10:30,10:44,0.32,kWh,
Electric usage,2022-02-19,10:45,10:59,0.32,kWh,
Electric usage,2022-02-19,11:00,11:14,0.34,kWh,
Electric usage,2022-02-19,11:15,11:29,0.35,kWh,
Electric usage,2022-02-19,11:30,11:44,0.35,kWh,
Electric usage,2022-02-19,11:45,11:59,0.31,kWh,
Electric usage,2022-02-19,12:00,12:14,0.27,kWh,
Electric usage,2022-02-19,12:15,12:29,0.37,kWh,
Electric usage,2022-02-19,12:30,12:44,0.32,kWh,
Electric usage,2022-02-19,12:45,12:59,0.27,kWh,
Electric usage,2022-02-19,13:00,13:14,0.23,kWh,
Electric usage,2022-02-19,13:15,13:29,0.23,kWh,
Electric usage,2022-02-19,13:30,13:44,0.23,kWh,
Electric usage,2022-02-19,13:45,13:59,0.26,kWh,
Electric usage,2022-02-19,14:00,14:14,0.24,kWh,
Electric usage,2022-02-19,14:15,14:29,0.24,kWh,
Electric usage,2022-02-19,14:30,14:44,0.25,kWh,
Electric usage,2022-02-19,14:45,14:59,0.26,kWh,
Electric usage,2022-02-19,15:00,15:14,0.23,kWh,
Electric usage,2022-02-19,15:15,15:29,0.21,kWh,
Electric usage,2022-02-19,15:30,15:44,0.23,kWh,
Electric usage,2022-02-19,15:45,15:59,0.26,kWh,
Electric usage,2022-02-19,16:00,16:14,0.23,kWh,
Electric usage,2022-02-19,16:15,16:29,0.22,kWh,
Electric usage,2022-02-19,16:30,16:44,0.26,kWh,
Electric usage,2022-02-19,16:45,16:59,0.25,kWh,
Electric usage,2022-02-19,17:00,17:14,0.24,kWh,
Electric usage,2022-02-19,17:15,17:29,0.20,kWh,
Electric usage,2022-02-19,17:30,17:44,0.41,kWh,
Electric usage,2022-02-19,17:45,17:59,1.10,kWh,
Electric usage,2022-02-19,18:00,18:14,1.12,kWh,
Electric usage,2022-02-19,18:15,18:29,0.38,kWh,
Electric usage,2022-02-19,18:30,18:44,0.30,kWh,
Electric usage,2022-02-19,18:45,18:59,0.47,kWh,
Electric usage,2022-02-19,19:00,19:14,0.34,kWh,
Electric usage,2022-02-19,19:15,19:29,0.28,kWh,
Electric usage,2022-02-19,19:30,19:44,0.61,kWh,
Electric usage,2022-02-19,19:45,19:59,0.70,kWh,
Electric usage,2022-02-19,20:00,20:14,0.72,kWh,
Electric usage,2022-02-19,20:15,20:29,0.65,kWh,
Electric usage,2022-02-19,20:30,20:44,0.70,kWh,
Electric usage,2022-02-19,20:45,20:59,0.68,kWh,
Electric usage,2022-02-19,21:00,21:14,0.36,kWh,
Electric usage,2022-02-19,21:15,21:29,0.27,kWh,
Electric usage,2022-02-19,21:30,21:44,0.35,kWh,
Electric usage,2022-02-19,21:45,21:59,0.33,kWh,
Electric usage,2022-02-19,22:00,22:14,0.30,kWh,
Electric usage,2022-02-19,22:15,22:29,0.29,kWh,
Electric usage,2022-02-19,22:30,22:44,0.30,kWh,
Electric usage,2022-02-19,22:45,22:59,0.30,kWh,
Electric usage,2022-02-19,23:00,23:14,0.37,kWh,
Electric usage,2022-02-19,23:15,23:29,0.29,kWh,
Electric usage,2022-02-19,23:30,23:44,0.33,kWh,
Electric usage,2022-02-19,23:45,23:59,0.31,kWh,
Electric usage,2022-02-20,00:00,00:14,0.30,kWh,
Electric usage,2022-02-20,00:15,00:29,0.25,kWh,
Electric usage,2022-02-20,00:30,00:44,0.30,kWh,
Electric usage,2022-02-20,00:45,00:59,0.29,kWh,
Electric usage,2022-02-20,01:00,01:14,0.28,kWh,
Electric usage,2022-02-20,01:15,01:29,0.24,kWh,
Electric usage,2022-02-20,01:30,01:44,0.30,kWh,
Electric usage,2022-02-20,01:45,01:59,0.27,kWh,
Electric usage,2022-02-20,02:00,02:14,0.32,kWh,
Electric usage,2022-02-20,02:15,02:29,0.25,kWh,
Electric usage,2022-02-20,02:30,02:44,0.30,kWh,
Electric usage,2022-02-20,02:45,02:59,0.27,kWh,
Electric usage,2022-02-20,03:00,03:14,0.31,kWh,
Electric usage,2022-02-20,03:15,03:29,0.24,kWh,
Electric usage,2022-02-20,03:30,03:44,0.23,kWh,
Electric usage,2022-02-20,03:45,03:59,0.18,kWh,
Electric usage,2022-02-20,04:00,04:14,0.19,kWh,
Electric usage,2022-02-20,04:15,04:29,0.16,kWh,
Electric usage,2022-02-20,04:30,04:44,0.67,kWh,
Electric usage,2022-02-20,04:45,04:59,0.69,kWh,
Electric usage,2022-02-20,05:00,05:14,0.73,kWh,
Electric usage,2022-02-20,05:15,05:29,0.64,kWh,
Electric usage,2022-02-20,05:30,05:44,1.07,kWh,
Electric usage,2022-02-20,05:45,05:59,1.11,kWh,
Electric usage,2022-02-20,06:00,06:14,1.15,kWh,
Electric usage,2022-02-20,06:15,06:29,1.07,kWh,
Electric usage,2022-02-20,06:30,06:44,0.44,kWh,
Electric usage,2022-02-20,06:45,06:59,0.37,kWh,
Electric usage,2022-02-20,07:00,07:14,0.36,kWh,
Electric usage,2022-02-20,07:15,07:29,0.36,kWh,
Electric usage,2022-02-20,07:30,07:44,0.36,kWh,
Electric usage,2022-02-20,07:45,07:59,0.34,kWh,
Electric usage,2022-02-20,08:00,08:14,0.35,kWh,
Electric usage,2022-02-20,08:15,08:29,0.35,kWh,
Electric usage,2022-02-20,08:30,08:44,0.48,kWh,
Electric usage,2022-02-20,08:45,08:59,0.38,kWh,
Electric usage,2022-02-20,09:00,09:14,0.36,kWh,
Electric usage,2022-02-20,09:15,09:29,0.35,kWh,
Electric usage,2022-02-20,09:30,09:44,0.32,kWh,
Electric usage,2022-02-20,09:45,09:59,0.32,kWh,
Electric usage,2022-02-20,10:00,10:14,0.31,kWh,
Electric usage,2022-02-20,10:15,10:29,0.31,kWh,
Electric usage,2022-02-20,10:30,10:44,0.33,kWh,
Electric usage,2022-02-20,10:45,10:59,0.34,kWh,
Electric usage,2022-02-20,11:00,11:14,0.38,kWh,
Electric usage,2022-02-20,11:15,11:29,0.36,kWh,
Electric usage,2022-02-20,11:30,11:44,0.36,kWh,
Electric usage,2022-02-20,11:45,11:59,0.62,kWh,
Electric usage,2022-02-20,12:00,12:14,0.48,kWh,
Electric usage,2022-02-20,12:15,12:29,0.44,kWh,
Electric usage,2022-02-20,12:30,12:44,0.46,kWh,
Electric usage,2022-02-20,12:45,12:59,0.34,kWh,
Electric usage,2022-02-20,13:00,13:14,0.49,kWh,
Electric usage,2022-02-20,13:15,13:29,0.33,kWh,
Electric usage,2022-02-20,13:30,13:44,0.34,kWh,
Electric usage,2022-02-20,13:45,13:59,0.29,kWh,
Electric usage,2022-02-20,14:00,14:14,0.30,kWh,
Electric usage,2022-02-20,14:15,14:29,0.30,kWh,
Electric usage,2022-02-20,14:30,14:44,0.29,kWh,
Electric usage,2022-02-20,14:45,14:59,0.31,kWh,
Electric usage,2022-02-20,15:00,15:14,0.29,kWh,
Electric usage,2022-02-20,15:15,15:29,0.30,kWh,
Electric usage,2022-02-20,15:30,15:44,0.24,kWh,
Electric usage,2022-02-20,15:45,15:59,0.27,kWh,
Electric usage,2022-02-20,16:00,16:14,0.24,kWh,
Electric usage,2022-02-20,16:15,16:29,0.23,kWh,
Electric usage,2022-02-20,16:30,16:44,0.24,kWh,
Electric usage,2022-02-20,16:45,16:59,0.27,kWh,
Electric usage,2022-02-20,17:00,17:14,0.27,kWh,
Electric usage,2022-02-20,17:15,17:29,0.27,kWh,
Electric usage,2022-02-20,17:30,17:44,0.45,kWh,
Electric usage,2022-02-20,17:45,17:59,1.14,kWh,
Electric usage,2022-02-20,18:00,18:14,1.33,kWh,
Electric usage,2022-02-20,18:15,18:29,0.77,kWh,
Electric usage,2022-02-20,18:30,18:44,0.66,kWh,
Electric usage,2022-02-20,18:45,18:59,0.73,kWh,
Electric usage,2022-02-20,19:00,19:14,0.67,kWh,
Electric usage,2022-02-20,19:15,19:29,0.68,kWh,
Electric usage,2022-02-20,19:30,19:44,0.95,kWh,
Electric usage,2022-02-20,19:45,19:59,1.15,kWh,
Electric usage,2022-02-20,20:00,20:14,1.07,kWh,
Electric usage,2022-02-20,20:15,20:29,1.09,kWh,
Electric usage,2022-02-20,20:30,20:44,1.05,kWh,
Electric usage,2022-02-20,20:45,20:59,1.12,kWh,
Electric usage,2022-02-20,21:00,21:14,0.72,kWh,
Electric usage,2022-02-20,21:15,21:29,0.68,kWh,
Electric usage,2022-02-20,21:30,21:44,0.68,kWh,
Electric usage,2022-02-20,21:45,21:59,0.78,kWh,
Electric usage,2022-02-20,22:00,22:14,0.68,kWh,
Electric usage,2022-02-20,22:15,22:29,0.70,kWh,
Electric usage,2022-02-20,22:30,22:44,0.70,kWh,
Electric usage,2022-02-20,22:45,22:59,0.70,kWh,
Electric usage,2022-02-20,23:00,23:14,0.69,kWh,
Electric usage,2022-02-20,23:15,23:29,0.67,kWh,
Electric usage,2022-02-20,23:30,23:44,0.69,kWh,
Electric usage,2022-02-20,23:45,23:59,0.68,kWh,
Electric usage,2022-02-21,00:00,00:14,0.70,kWh,
Electric usage,2022-02-21,00:15,00:29,0.72,kWh,
Electric usage,2022-02-21,00:30,00:44,0.70,kWh,
Electric usage,2022-02-21,00:45,00:59,0.70,kWh,
Electric usage,2022-02-21,01:00,01:14,0.69,kWh,
Electric usage,2022-02-21,01:15,01:29,0.67,kWh,
Electric usage,2022-02-21,01:30,01:44,0.69,kWh,
Electric usage,2022-02-21,01:45,01:59,0.67,kWh,
Electric usage,2022-02-21,02:00,02:14,0.69,kWh,
Electric usage,2022-02-21,02:15,02:29,0.70,kWh,
Electric usage,2022-02-21,02:30,02:44,0.69,kWh,
Electric usage,2022-02-21,02:45,02:59,0.69,kWh,
Electric usage,2022-02-21,03:00,03:14,0.66,kWh,
Electric usage,2022-02-21,03:15,03:29,0.91,kWh,
Electric usage,2022-02-21,03:30,03:44,0.89,kWh,
Electric usage,2022-02-21,03:45,03:59,0.87,kWh,
Electric usage,2022-02-21,04:00,04:14,0.75,kWh,
Electric usage,2022-02-21,04:15,04:29,0.76,kWh,
Electric usage,2022-02-21,04:30,04:44,1.25,kWh,
Electric usage,2022-02-21,04:45,04:59,1.08,kWh,
Electric usage,2022-02-21,05:00,05:14,1.22,kWh,
Electric usage,2022-02-21,05:15,05:29,1.06,kWh,
Electric usage,2022-02-21,05:30,05:44,1.46,kWh,
Electric usage,2022-02-21,05:45,05:59,1.56,kWh,
Electric usage,2022-02-21,06:00,06:14,1.48,kWh,
Electric usage,2022-02-21,06:15,06:29,1.49,kWh,
Electric usage,2022-02-21,06:30,06:44,0.77,kWh,
Electric usage,2022-02-21,06:45,06:59,0.63,kWh,
Electric usage,2022-02-21,07:00,07:14,0.70,kWh,
Electric usage,2022-02-21,07:15,07:29,0.66,kWh,
Electric usage,2022-02-21,07:30,07:44,0.68,kWh,
Electric usage,2022-02-21,07:45,07:59,0.70,kWh,
Electric usage,2022-02-21,08:00,08:14,0.71,kWh,
Electric usage,2022-02-21,08:15,08:29,0.66,kWh,
Electric usage,2022-02-21,08:30,08:44,0.61,kWh,
Electric usage,2022-02-21,08:45,08:59,0.62,kWh,
Electric usage,2022-02-21,09:00,09:14,0.56,kWh,
Electric usage,2022-02-21,09:15,09:29,0.63,kWh,
Electric usage,2022-02-21,09:30,09:44,0.64,kWh,
Electric usage,2022-02-21,09:45,09:59,0.70,kWh,
Electric usage,2022-02-21,10:00,10:14,0.59,kWh,
Electric usage,2022-02-21,10:15,10:29,0.66,kWh,
Electric usage,2022-02-21,10:30,10:44,0.63,kWh,
Electric usage,2022-02-21,10:45,10:59,0.68,kWh,
Electric usage,2022-02-21,11:00,11:14,0.74,kWh,
Electric usage,2022-02-21,11:15,11:29,0.67,kWh,
Electric usage,2022-02-21,11:30,11:44,0.64,kWh,
Electric usage,2022-02-21,11:45,11:59,0.68,kWh,
Electric usage,2022-02-21,12:00,12:14,0.77,kWh,
Electric usage,2022-02-21,12:15,12:29,0.64,kWh,
Electric usage,2022-02-21,12:30,12:44,0.63,kWh,
Electric usage,2022-02-21,12:45,12:59,0.81,kWh,
Electric usage,2022-02-21,13:00,13:14,0.59,kWh,
Electric usage,2022-02-21,13:15,13:29,0.63,kWh,
Electric usage,2022-02-21,13:30,13:44,0.77,kWh,
Electric usage,2022-02-21,13:45,13:59,0.63,kWh,
Electric usage,2022-02-21,14:00,14:14,0.41,kWh,
Electric usage,2022-02-21,14:15,14:29,0.25,kWh,
Electric usage,2022-02-21,14:30,14:44,0.42,kWh,
Electric usage,2022-02-21,14:45,14:59,0.63,kWh,
Electric usage,2022-02-21,15:00,15:14,0.76,kWh,
Electric usage,2022-02-21,15:15,15:29,0.68,kWh,
Electric usage,2022-02-21,15:30,15:44,0.26,kWh,
Electric usage,2022-02-21,15:45,15:59,0.50,kWh,
Electric usage,2022-02-21,16:00,16:14,0.47,kWh,
Electric usage,2022-02-21,16:15,16:29,0.31,kWh,
Electric usage,2022-02-21,16:30,16:44,0.52,kWh,
Electric usage,2022-02-21,16:45,16:59,0.45,kWh,
Electric usage,2022-02-21,17:00,17:14,0.36,kWh,
Electric usage,2022-02-21,17:15,17:29,0.47,kWh,
Electric usage,2022-02-21,17:30,17:44,0.63,kWh,
Electric usage,2022-02-21,17:45,17:59,1.14,kWh,
Electric usage,2022-02-21,18:00,18:14,1.32,kWh,
Electric usage,2022-02-21,18:15,18:29,0.45,kWh,
Electric usage,2022-02-21,18:30,18:44,0.33,kWh,
Electric usage,2022-02-21,18:45,18:59,0.45,kWh,
Electric usage,2022-02-21,19:00,19:14,0.34,kWh,
Electric usage,2022-02-21,19:15,19:29,0.50,kWh,
Electric usage,2022-02-21,19:30,19:44,0.63,kWh,
Electric usage,2022-02-21,19:45,19:59,0.95,kWh,
Electric usage,2022-02-21,20:00,20:14,0.73,kWh,
Electric usage,2022-02-21,20:15,20:29,0.89,kWh,
Electric usage,2022-02-21,20:30,20:44,0.73,kWh,
Electric usage,2022-02-21,20:45,20:59,0.81,kWh,
Electric usage,2022-02-21,21:00,21:14,0.47,kWh,
Electric usage,2022-02-21,21:15,21:29,0.25,kWh,
Electric usage,2022-02-21,21:30,21:44,0.45,kWh,
Electric usage,2022-02-21,21:45,21:59,0.65,kWh,
Electric usage,2022-02-21,22:00,22:14,0.65,kWh,
Electric usage,2022-02-21,22:15,22:29,0.70,kWh,
Electric usage,2022-02-21,22:30,22:44,0.65,kWh,
Electric usage,2022-02-21,22:45,22:59,0.64,kWh,
Electric usage,2022-02-21,23:00,23:14,0.69,kWh,
Electric usage,2022-02-21,23:15,23:29,0.72,kWh,
Electric usage,2022-02-21,23:30,23:44,0.65,kWh,
Electric usage,2022-02-21,23:45,23:59,0.61,kWh,
